5.20839,-1.02473
4.61673,-1.80484
6.00598,0.185372
5.36953,-1.36502
4.30327,-1.15473
4.21734,-2.06762
4.38652,-1.97867
4.18912,-2.61613
3.15544,-1.82985
4.49096,-2.79685
3.78342,-0.977367
3.97071,-1.44554
3.8069,-1.03089
3.75926,-0.0130634
3.74388,-0.676009
3.40312,-0.142439
3.07532,0.157643
2.48971,1.05415
2.53595,1.33387
3.1545,0.63194
3.66723,-0.421607
3.48296,-0.209538
2.95368,-0.365621
3.83319,0.188272
3.41743,-0.494314
3.49939,0.198418
2.68933,-0.0161968
3.64786,-0.380417
4.77335,-0.697725
4.84696,0.287378
4.58516,0.0781471
5.10462,-1.5329
5.86925,-1.16767
4.78649,0.105339
4.1334,-0.0688883
2.93418,-0.148942
3.06082,-1.30889
3.53844,-1.06298
4.07642,-2.37847
3.7941,-1.94188
4.88807,-1.81814
4.71543,-1.10971
5.25338,-0.938542
5.32719,-0.927756
4.97326,-0.66938
4.42245,-0.155427
4.56474,0.211032
3.58972,0.587624
3.72192,1.12359
4.32999,0.915899
2.55178,0.651876
2.0716,0.0643646
2.19915,-0.0340848
1.57047,-0.458524
0.684199,-0.628321
0.71922,-0.58324
0.971861,-0.44836
2.06334,-0.185511
2.43212,0.225801
3.44586,0.283899
2.75973,-0.127133
1.50774,-0.298668
2.30916,-0.0174603
2.54015,0.0359146
2.36052,0.381797
3.65594,0.305601
2.62455,-0.525415
3.43874,-0.777118
3.94773,-0.2652
4.03597,-0.892259
4.24437,-0.78982
4.19341,-1.47516
3.94988,-2.11019
4.94074,-1.41888
5.76762,-1.33189
4.47891,-0.814456
4.79918,-0.216159
3.81395,-0.0389384
3.44595,-0.208378
2.57608,0.86585
2.36405,0.534048
1.39075,1.21412
0.593308,1.38962
-0.0654368,0.697294
0.455788,-0.987694
0.250865,-0.275415
-0.628194,-1.02752
-0.156445,-1.1235
1.61956,-1.16482
1.8332,0.084594
0.781324,0.267011
0.414363,0.806953
-0.691663,1.1661
-1.80185,1.46209
-1.85303,1.39365
-2.05414,1.73166
-1.68257,1.09275
-2.60182,0.98798
-2.88729,0.522195
-2.25516,0.842986
-2.15441,2.23612
-2.18889,2.83144
-2.80944,3.43311
-2.101,2.78659
-1.02173,2.37453
-1.33266,2.32636
-1.97407,1.91635
-0.572361,2.75351
-0.737647,2.26942
-0.332855,0.948304
-1.65567,0.824158
-0.226183,1.4146
-0.266969,1.22796
-0.939078,1.83317
-0.555272,1.02909
-1.81762,1.24604
-1.48229,1.46226
-0.882276,1.99415
-2.42579,2.55396
-2.65804,2.82381
-1.47916,2.74133
-1.3195,2.32769
-0.583322,1.96898
-0.694917,2.00602
-2.02879,2.18434
-0.85977,2.4778
-1.35721,2.27491
-1.97434,2.12096
-2.79168,2.4506
-3.63817,3.5509
-3.38609,3.60465
-4.41565,3.60429
-5.39282,3.7209
-6.38401,4.28565
-7.20501,5.08348
-5.90782,5.03287
-6.38201,4.53196
-6.2877,4.34614
-6.25825,5.2054
-5.4047,4.49757
-5.53043,4.38696
-5.38427,4.01615
-4.08712,3.23608
-2.59253,3.05949
-2.21975,3.0355
-2.93847,2.77634
-2.65219,3.2342
-2.59484,3.28022
-3.59914,4.4622
-3.24224,2.48206
-2.47284,1.60379
-1.12832,2.19917
-0.728768,1.44975
-1.79985,1.77935
-2.68493,1.72145
-2.51932,2.55746
-1.99542,2.74613
-1.42749,2.11185
-0.520886,2.97736
-0.590182,3.00666
-1.2398,3.42006
-0.616859,2.52987
-1.69674,2.7343
-1.85128,3.006
-1.29408,2.65529
-0.703836,3.43584
-1.46427,3.21323
-1.18329,3.10824
0.036935,3.58628
-0.858728,3.67447
-2.30723,3.79971
-1.25954,4.28693
-2.89422,3.92535
-3.14557,3.22903
-3.17049,4.02103
-3.72784,4.47842
-3.92666,4.71806
-3.63199,4.06876
-4.52097,3.1184
-5.13536,3.11705
-6.00409,2.45161
-6.31764,2.22227
-6.15351,0.993194
-6.64755,1.50562
-7.17068,1.68355
-5.96343,2.18002
-4.8353,2.22977
-4.52973,2.29475
-5.14904,3.38757
-6.09591,4.06612
-6.28924,3.72224
-6.58495,4.84426
-6.14059,4.48382
-5.48406,2.54973
-5.01875,3.13226
-5.27389,3.4899
-4.24332,4.45431
-2.43359,3.27365
-2.41055,2.58952
-1.67919,2.60838
-2.17454,2.87697
-1.93945,3.27247
-1.80511,2.49971
-2.12068,1.93021
-2.73929,2.61449
-2.15953,2.0255
-2.12306,2.03479
-2.87952,1.74947
-3.39762,1.59931
-2.53435,2.50932
-2.85325,3.54781
-2.68138,2.01905
-2.79768,2.84995
-3.57096,2.59265
-4.52733,3.19539
-4.82189,3.96017
-4.83674,3.79658
-3.98892,5.23164
-5.06993,4.46504
-5.03905,3.81144
-4.52977,4.4854
-4.74365,3.42053
-3.33779,2.70387
-2.27755,2.44901
-2.11794,2.44822
-1.44114,1.89305
-1.22942,2.37172
-1.07646,2.73864
-0.284797,2.45453
-1.05458,2.7431
-2.00583,2.21574
-1.40624,2.52929
-2.52267,3.32785
-1.92719,4.06333
-2.36439,3.09103
-2.36695,4.03287
-2.34995,4.07628
-3.41255,3.65689
-3.44646,3.62886
-3.38998,3.9953
-3.82565,3.14038
-2.88284,3.44389
-2.5736,3.8789
-3.62866,4.11109
-4.05078,4.12027
-4.51714,2.9868
-4.80772,2.26465
-4.99638,2.34078
-6.62109,2.38372
-6.53731,3.32305
-7.51826,3.10258
-6.7981,3.33198
-6.70863,3.74712
-7.26294,3.86454
-8.39052,4.78045
-7.82682,5.22791
-7.1328,5.65723
-7.32806,5.43736
-8.38269,6.17368
-8.59096,6.42172
-8.40867,6.05894
-7.76774,5.67142
-9.25801,6.01433
-8.61067,6.10052
-8.98859,5.85807
-8.34431,5.71302
-8.368,5.98375
-7.53765,5.39932
-7.38395,5.1779
-7.21673,4.68
-6.36437,4.76874
-5.30939,4.91136
-6.12546,4.6255
-6.57933,4.31611
-6.00024,4.79877
-5.50262,5.39999
-5.62235,5.57149
-5.47843,5.55069
-5.75132,5.41171
-6.54338,3.76647
-7.7598,5.05239
-7.43323,4.66364
-7.2633,4.64528
-7.72709,4.56217
-8.26803,4.67654
-7.74954,5.70245
-6.80979,5.3843
-7.48798,6.11006
-7.28016,6.43079
-7.92378,6.69853
-9.45431,5.87232
-9.78258,5.67353
-9.62309,5.26892
-9.72753,5.75003
-10.3411,5.39776
-9.98665,5.42709
-9.24903,5.73018
-9.28713,6.38403
-8.64106,6.87956
-8.80293,5.99724
-8.36477,5.99122
-8.34229,5.75408
-7.48471,6.04405
-8.64041,6.58488
-8.83947,6.06078
-9.34414,7.02034
-9.32734,5.73146
-8.65362,4.74582
-9.22237,5.75855
-8.45916,5.35275
-8.69578,5.67416
-8.42736,5.77856
-9.35151,6.41181
-8.76965,5.4233
-9.36007,5.73168
-8.73265,6.21356
-8.27227,5.74841
-7.82264,6.23557
-6.24906,4.90334
-6.62575,3.9024
-6.53691,4.63532
-6.6424,4.45945
-6.79333,4.1657
-6.16864,4.59431
-5.96106,3.79559
-5.60189,3.51119
-6.10606,3.20808
-6.50622,4.14048
-7.33451,3.95392
-8.11892,4.63098
-9.20504,5.42461
-8.13752,4.47681
-7.74401,4.38991
-8.11207,4.26439
-7.7711,3.42109
-7.43318,3.1099
-6.83156,2.86622
-6.78496,2.72426
-7.10939,3.73913
-7.26271,3.76375
-7.86876,3.37837
-8.56437,4.63359
-8.45699,5.41317
-8.59362,5.62354
-9.46101,5.54689
-9.35477,5.81488
-9.49081,4.69845
-9.12041,5.33248
-8.82621,5.63873
-7.71987,4.82227
-7.10629,4.33507
-7.23217,4.7896
-6.21666,5.10204
-5.78951,4.28375
-5.08561,4.97028
-5.00859,4.67329
-5.19262,4.10361
-4.81685,4.58734
-5.22369,4.14083
-4.56387,4.59956
-5.2335,4.79546
-5.45885,4.03816
-6.00225,4.5066
-6.20938,4.21287
-5.21581,5.15888
-5.68629,5.06875
-5.67641,4.4172
-5.70444,3.60092
-5.97333,3.68229
-7.18562,2.97537
-6.98575,2.28248
-7.18445,2.46703
-7.38935,1.73525
-7.87171,2.67728
-7.10949,3.40403
-7.69421,3.17104
-7.41528,3.00681
-8.23347,2.16254
-7.86402,2.18132
-7.71978,1.71535
-9.13586,2.2249
-9.32197,1.53247
-8.05838,1.53787
-8.06136,0.796688
-8.89456,1.041
-8.48593,-0.335149
-8.7164,-0.152417
-8.87759,-0.412591
-10.4828,-0.530725
-9.8136,-0.160838
-10.0528,0.255252
-9.35782,0.170594
-8.9411,-0.160525
-9.35148,1.07359
-9.68775,0.855409
-9.91094,0.439605
-10.0595,0.0902879
-9.61031,0.175178
-9.59141,0.378432
-9.58281,0.755929
-8.85786,-0.121123
-9.93711,0.788377
-10.933,0.822792
-12.2834,0.441087
-12.8017,0.510849
-13.0786,1.80004
-12.4035,1.42387
-12.7914,1.74648
-12.8818,2.62581
-11.9043,1.77119
-12.694,1.83929
-13.7989,1.18701
-14.5085,1.34076
-14.1427,1.09388
-14.3172,0.692115
-14.2747,-0.601594
-13.1955,-0.990647
-12.7044,-1.51856
-13.2465,-2.14468
-13.252,-2.90106
-12.0471,-2.58727
-11.5851,-2.00156
-13.1194,-2.40776
-12.8064,-1.49927
-11.5037,-1.04034
-12.48,-1.5447
-13.2331,-0.901834
-11.8965,0.0923213
-12.0643,0.19443
-10.9317,0.203591
-10.3623,0.41513
-9.80739,-0.245775
-10.4785,0.411228
-9.81738,1.10569
-9.35226,1.1533
-8.97008,1.21402
-9.36261,1.11199
-9.63516,1.30781
-9.34851,1.58639
-8.00377,1.58686
-7.86362,1.3775
-8.24855,0.926453
-8.88515,1.046
-9.02643,0.353207
-8.18303,0.235737
-8.24606,0.0677423
-8.25583,-0.695918
-9.1619,-0.253671
-9.31836,-0.383692
-9.22077,0.58658
-9.54771,0.820409
-10.0405,1.037
-10.4138,2.07456
-10.4163,1.73563
-10.1772,0.677987
-10.6152,0.106464
-9.42658,-1.08526
-8.39125,-1.31759
-7.38139,-0.472003
-8.66955,0.189982
-9.47927,-0.632683
-10.053,-0.306295
-9.82224,0.41095
-11.5142,0.917197
-10.8829,0.389831
-11.1361,0.352884
-10.503,-0.247542
-11.3651,-0.387954
-10.6383,0.529357
-10.5005,0.259549
-9.50808,-0.902446
-10.1878,-0.659722
-9.40988,-0.37098
-9.17278,0.487081
-8.07892,-0.770739
-7.95265,-0.919675
-7.171,-1.31081
-6.90168,-1.17242
-6.14789,-0.761427
-5.15303,-0.975367
-5.66983,-0.971154
-5.32081,-1.70386
-4.88197,-2.30951
-4.65019,-0.76151
-4.01536,-0.997544
-3.08686,-0.926116
-3.91058,-0.518792
-2.66696,-0.237361
-3.29189,-1.21601
-3.53972,-1.93325
-3.61815,-0.982233
-3.48516,0.119959
-1.83819,-0.704134
-1.04498,-1.87796
-1.54372,-2.63453
-1.69056,-3.24728
-0.438681,-4.08281
0.972238,-3.03596
0.460011,-3.07098
-0.117987,-2.97256
-0.360737,-2.471
0.142657,-1.7408
-0.422221,-1.28857
0.0587163,-0.140405
-0.180712,-0.826742
-0.327191,-0.399454
1.02576,1.21318
0.185413,0.93335
0.621232,0.788056
0.254461,0.871883
1.07245,1.24017
0.91399,1.02314
-0.322573,1.62118
-0.668856,2.32092
-0.215609,2.65019
-0.325006,2.56567
0.345712,1.95661
0.484444,1.73098
-0.366387,2.00971
0.28083,1.77972
0.743405,1.72698
-0.266144,2.00619
-0.269039,1.37476
-0.886013,1.58008
0.0389268,1.03467
0.294639,1.43807
-1.64225,1.72492
-1.83597,3.18231
-1.97713,3.21659
-1.8735,1.84899
-2.3718,3.21939
-2.44172,3.40245
-2.61424,3.16318
-1.95238,3.01371
-1.90837,2.90735
-2.30561,2.20077
-1.78247,2.63438
-1.32675,2.64321
-1.94198,2.82868
-2.27557,3.34381
-2.57616,2.77692
-2.20607,1.82553
-2.023,1.81292
-1.90729,0.934521
-2.3594,1.6855
-1.60929,1.695
-1.33474,1.60675
-1.25739,0.808073
-2.05625,1.59358
-1.50818,1.0931
-1.81865,1.17406
-0.906981,0.791269
-1.89409,1.15736
-1.49418,2.63042
-1.46104,2.78788
-1.22686,2.89778
-0.882374,3.22881
-1.30114,3.00505
-0.474796,2.8508
-1.03166,2.08601
-1.56061,2.85025
-1.96613,2.12146
-0.451466,1.72095
-0.680886,1.03927
-0.67011,0.510279
0.0339457,-0.0400945
-0.625551,1.59125
-1.99804,2.17247
-1.53892,2.31139
-1.95857,2.89855
-1.79075,2.92414
-2.68731,2.83634
-3.60084,3.87311
-3.49274,4.61166
-1.64758,3.94034
-2.86325,3.44031
-2.6896,2.8769
-3.14901,2.54032
-3.16772,2.726
-2.02272,1.65666
-1.54908,2.25923
-1.79436,2.258
-0.506908,2.57524
0.543443,3.11339
-0.317911,1.55026
-1.82293,1.95314
-1.92954,2.16343
-1.24887,3.04796
-0.616911,2.45825
0.324628,1.54224
0.636725,1.55792
0.514438,1.37199
0.222245,1.27368
-0.0530279,1.8714
-0.0368024,1.85606
-0.661926,1.64172
-1.16879,2.00431
-1.70956,2.71816
-2.31158,2.55701
-2.10746,1.79911
-2.24383,1.47603
-3.05876,3.27051
-3.562,3.1533
-4.52341,3.03003
-4.50445,2.58856
-4.87917,2.55133
-4.32572,3.34059
-5.03235,3.4619
-3.86853,2.91223
-2.90555,3.50915
-2.51211,3.32159
-3.99237,3.90123
-3.36875,3.5901
-3.89886,4.40407
-4.41611,3.89452
-3.78046,3.23075
-3.39985,3.33554
-4.17101,3.87673
-4.20798,3.09736
-4.50266,3.24773
-3.04989,3.10981
-2.79072,2.80537
-3.96144,2.1998
-2.86562,3.44228
-2.39502,3.04218
-2.58002,2.68151
-2.61173,2.77663
-2.9301,2.44512
-2.40369,2.77638
-3.62672,2.09453
-4.09866,2.02987
-4.44567,3.56572
-3.88886,4.17833
-4.71311,3.58387
-4.20998,2.85819
-4.10505,3.86573
-4.71123,3.89869
-4.05502,4.52524
-4.30346,3.87666
-5.20334,3.67943
-5.54241,3.9009
-4.58903,3.97999
-5.21698,3.84544
-4.27524,3.15322
-3.31388,3.34583
-2.9007,3.32961
-2.17237,4.1009
-1.9168,3.93812
-3.44255,3.70753
-2.71121,3.49063
-2.54426,3.55386
-2.61011,3.49875
-3.88929,3.19172
-4.55254,4.0382
-3.3145,3.12953
-2.03541,2.3855
-1.60796,2.86466
-1.70343,2.96808
-0.886553,2.95348
-0.62636,2.69951
0.113022,2.20971
0.427997,2.36
-0.491978,2.21201
-2.1572,3.08589
-1.60106,2.99677
-1.99276,2.69675
-2.10903,2.16032
-1.71155,2.57195
-0.600469,1.89659
-0.731661,1.88231
-0.630608,1.37033
-0.276524,0.927304
-0.566573,0.958165
0.0975717,0.702433
-0.0106257,0.546861
0.221556,0.577618
1.49268,0.504901
1.91421,-0.24642
1.35574,-0.239803
1.38841,-0.165567
2.21465,0.249229
1.23755,1.05578
1.55397,1.2139
0.775162,1.28621
0.507251,2.05139
-0.243512,1.73584
-0.630302,0.839348
-0.329428,1.38751
-0.56239,0.143575
-0.120291,0.517598
0.579815,0.0974144
0.624448,0.787769
1.92453,0.670728
2.13963,0.625643
1.52935,1.19989
1.6742,1.85798
0.598418,1.92762
0.883654,2.36707
1.17908,2.00079
0.931458,2.37304
1.50524,1.35075
2.51124,0.781145
3.11516,0.407472
3.10015,0.175873
4.4501,-0.931385
4.6031,-1.69958
4.22578,-2.01274
4.36962,-2.05913
4.6649,-2.17541
5.28108,-2.22894
6.10757,-1.1537
6.09913,-0.634255
5.30825,-0.111447
4.47752,-0.316125
5.21374,-0.82456
6.83381,-0.283862
5.95994,-0.904447
6.07793,-1.02296
5.3145,-1.58817
5.64378,-2.18571
5.73528,-2.73386
6.3517,-2.26213
6.67992,-1.1559
6.61574,-2.0096
7.93091,-1.46427
8.1569,-1.58519
8.71032,-1.10548
8.78019,-2.22324
8.09456,-1.85715
7.52791,-1.20299
6.97537,-0.83171
6.88707,-0.887962
5.8475,-1.02127
6.50604,-1.23815
7.01851,-0.676163
7.44663,-0.87682
7.66078,-1.11555
7.7925,-2.00578
7.97548,-0.824267
7.80386,-2.00494
8.18942,-1.8896
10.1399,-1.57618
10.2306,-1.94852
9.68152,-2.42085
9.79871,-2.56341
9.78402,-2.76943
8.96321,-2.86954
8.91514,-1.84247
8.67899,-0.921877
8.7665,-1.15435
7.36566,-1.10855
7.16837,-1.67585
7.60901,-2.35542
8.08862,-1.9079
7.97055,-2.1169
7.52927,-2.8067
7.77011,-2.72506
6.80583,-1.87394
7.06086,-1.74223
5.24874,-1.35685
3.76403,-1.29478
4.2604,-2.02094
4.93014,-1.5156
5.06653,-2.59239
5.12226,-2.26117
5.19691,-1.04578
4.26184,-1.38369
4.99812,-1.52167
5.71407,-1.40535
6.31103,-0.892731
6.92403,-1.19794
7.56969,-1.67087
6.83956,-0.937637
6.67044,-0.73199
6.93864,-0.280927
6.17387,-0.370286
6.5878,-1.07597
6.00538,-1.22055
6.05388,-1.51317
5.29982,-2.20761
5.55979,-1.61224
5.30553,-0.766081
5.78877,-1.75511
6.33197,-1.37853
7.03677,-2.07954
6.30165,-2.13463
4.89601,-2.18875
4.88861,-2.3423
4.87663,-3.38994
4.79379,-3.65665
4.59366,-3.62588
3.60786,-3.81562
3.45152,-3.10068
3.98125,-2.976
4.00901,-2.21101
3.91431,-2.25295
3.98541,-1.69187
3.41776,-1.00632
3.95326,-0.975303
4.37556,-1.16935
3.65782,-1.289
2.4157,-0.151129
2.43101,0.282652
2.47003,-0.190116
2.58825,-0.682269
3.15227,0.0107264
3.14199,0.374007
1.96589,0.66236
0.981191,0.519553
1.1057,0.687133
1.15893,0.838045
1.76115,1.40578
1.28547,0.783214
2.44879,0.687162
2.0174,1.57691
2.21146,1.83615
2.45996,0.726735
3.1106,0.204455
3.26523,-0.855239
2.80502,-0.686523
3.43556,-0.0822831
3.11229,-0.522063
2.17236,-0.250365
1.74947,-0.340952
1.00881,-0.572222
1.73386,-0.433763
1.27042,-1.31845
1.66722,-1.00243
1.68435,0.392096
2.57587,1.14905
2.3597,1.35393
2.79264,1.41252
3.64082,0.884711
4.9342,-0.127638
5.06956,-1.01045
4.9215,-0.517789
6.06973,-0.937574
6.40929,-1.66234
5.71609,-2.11502
5.25662,-1.19153
5.08499,-2.07058
5.10433,-1.83738
6.25652,-1.29419
6.37993,-0.910344
5.83446,-0.320807
4.93655,-0.163322
5.33087,-0.769778
5.4552,-1.75506
5.44034,-1.85672
5.12375,-2.64545
4.93643,-2.63903
5.25563,-1.29988
6.30392,-1.71641
5.90786,-0.439984
6.51746,-0.355092
5.14413,-0.659269
4.91865,0.113473
6.37803,-0.673255
6.70425,-0.993134
6.49921,-2.02941
6.39897,-3.2779
6.88883,-3.98154
7.17402,-4.08632
6.59025,-4.37005
5.60529,-4.41297
5.19488,-3.03216
6.05244,-2.4087
4.42976,-3.21509
4.45884,-2.59038
6.24451,-2.35938
5.32615,-1.35049
4.20018,-1.20315
4.20342,-1.78253
3.68948,-1.70367
3.57193,-2.43606
4.42605,-2.91614
3.88569,-2.49591
3.67558,-2.16673
3.99062,-2.76747
5.08662,-2.16284
4.44647,-3.11467
3.38967,-3.15607
3.47966,-4.09804
2.78007,-4.48022
2.13096,-6.27102
2.17849,-6.56647
2.25118,-6.9132
1.79697,-7.61104
1.65572,-7.02246
3.19414,-5.9755
2.86327,-6.41749
2.56167,-6.20964
2.00684,-6.63281
2.53754,-5.87611
3.10088,-7.04456
3.55367,-7.00482
2.0887,-6.95603
1.39826,-7.57343
1.46803,-7.5193
2.4229,-7.80227
2.0822,-6.16087
3.11423,-5.91843
3.36925,-5.50119
3.49668,-6.19135
2.15469,-5.95752
2.04938,-5.86388
3.40263,-5.07745
3.01866,-5.10628
3.78718,-4.95348
4.01223,-3.9373
4.66866,-3.09768
5.06073,-3.49258
4.21094,-1.95665
4.29609,-1.46709
3.61078,-1.61231
3.23955,-1.81303
3.67655,-2.17463
4.47567,-0.863083
4.7568,-0.862887
5.42717,-1.50645
4.72129,-1.8513
4.48698,-1.58646
4.22703,-1.16674
5.1812,-0.892834
5.67826,-1.14886
6.75904,-1.28635
8.21359,-2.48384
8.51647,-2.37994
8.80656,-2.99366
8.64194,-3.60001
8.31927,-2.63603
9.15591,-2.69589
9.36568,-1.77679
8.75997,-2.7574
8.41192,-2.93517
8.01707,-2.66136
7.48762,-1.60354
6.61764,-1.73963
6.31434,-2.57781
5.88437,-2.7183
5.26916,-3.97101
6.15919,-3.23964
6.46591,-3.8889
7.14172,-3.10132
6.6379,-2.58741
6.24648,-2.56466
6.33924,-2.91541
6.27717,-3.49841
6.04258,-3.78933
5.53438,-2.74361
5.65376,-2.93838
5.92029,-3.65577
7.00573,-4.59844
7.88069,-4.15928
8.52646,-3.67965
8.87766,-2.99237
10.1561,-3.59001
9.70993,-3.68887
10.3819,-4.88184
10.9016,-5.52779
11.0737,-5.6852
9.70203,-4.67748
10.2176,-4.70588
9.88311,-5.23158
9.29545,-5.36729
9.7223,-6.13503
9.70558,-6.07315
9.19595,-5.06529
9.13314,-4.83006
9.24341,-4.48958
8.96702,-4.03425
7.84925,-3.2828
6.64651,-3.46441
5.9772,-3.29751
6.94915,-3.65464
7.55565,-3.71956
7.31829,-4.05847
8.35217,-3.22292
9.55508,-3.25459
10.1066,-2.41899
10.0027,-2.83755
10.6327,-3.54557
12.0735,-3.894
11.4171,-3.22517
11.2508,-3.81194
9.82251,-3.73772
9.73624,-3.20881
9.7373,-3.55441
9.17366,-2.99963
8.65953,-2.70342
8.69716,-2.24472
8.82226,-2.26422
8.38408,-2.60574
8.58429,-2.69501
8.6329,-2.40824
8.1592,-3.62959
8.17186,-4.21504
7.77914,-5.32326
6.85564,-5.40136
6.60455,-5.35486
7.75198,-5.83523
8.09577,-4.91532
9.29941,-4.80561
9.2325,-4.79417
9.47977,-4.82597
9.25565,-5.13224
9.16409,-4.51017
8.68643,-5.03457
8.47993,-5.00225
9.49094,-5.36248
9.36855,-5.5683
9.8029,-6.73314
9.85495,-6.44891
10.1548,-6.10519
11.5062,-6.32414
11.3408,-5.84773
11.1969,-5.98124
11.7466,-5.63337
12.0957,-5.83957
12.1626,-5.37924
11.9884,-5.4889
11.9532,-4.57129
11.2175,-4.8597
11.7655,-4.62238
12.068,-4.18396
13.1109,-3.44455
11.0998,-3.30248
10.2922,-3.13337
10.4374,-3.8429
11.0311,-3.97118
9.93172,-3.76981
9.7039,-3.43289
9.44993,-4.27774
8.59288,-3.83073
8.4281,-3.24969
7.72008,-3.12277
7.70771,-2.76994
8.63731,-2.81407
8.74447,-3.23297
7.93687,-2.59172
7.54927,-2.74201
6.90192,-3.20054
6.58412,-3.20721
7.31213,-3.38391
6.8546,-2.31313
6.17634,-2.32607
6.26349,-2.32044
5.85891,-1.59926
5.53094,-1.06449
5.72029,-1.35207
6.58171,-1.02688
6.89548,-1.65941
6.71321,-1.84029
6.02233,-1.1127
5.60642,-0.829827
5.50498,-0.541386
6.1512,-0.24389
5.88775,-0.729155
5.52889,-0.286317
4.99509,-0.307337
4.45426,0.0942346
4.44449,-0.578314
4.74344,-0.585536
4.08389,-0.808586
5.07669,-1.47832
4.47195,-1.49761
4.12178,-1.91894
4.06652,-2.27585
4.47628,-1.91938
4.9114,-1.41824
4.37376,-0.492401
4.58596,-1.38731
4.83242,-1.4953
4.49422,-1.09424
5.78458,-0.288776
4.30384,0.497131
3.83712,0.336818
3.4963,0.553938
3.60785,1.24715
2.98225,1.50363
2.80935,1.71219
2.74585,1.25705
2.78526,0.52098
2.8765,0.461613
3.11783,0.384803
3.24731,-0.0663323
3.0042,0.172246
2.31277,-0.81004
3.07474,-0.504915
3.7081,-1.41749
4.71099,-1.78265
4.24425,-2.37218
5.00774,-2.20825
4.3474,-1.79273
3.19627,-0.661771
3.258,-0.454732
3.82791,-0.288691
3.67708,0.693195
3.03622,-0.152254
3.28394,0.107189
3.63143,-0.0971519
2.54569,0.0727092
2.57885,0.0520198
3.65098,0.0121499
4.05617,-0.0349751
3.79269,-0.169721
4.37336,-1.24733
4.68551,-0.102077
5.01399,-0.300621
4.56904,0.393955
4.48934,0.924668
3.93531,0.458406
3.92823,0.067069
3.52105,0.464206
3.1717,0.685341
1.0741,1.35813
1.5638,0.72594
1.98854,0.737777
1.20097,0.917757
1.84295,0.659331
2.30623,0.119635
2.74955,0.485995
3.17792,0.348881
3.11527,0.945718
3.19843,1.53769
2.13279,1.47599
2.72421,1.02198
2.07729,1.44011
1.61157,0.750965
1.96031,0.253605
1.93514,1.15406
1.70705,0.962009
1.8764,0.744023
2.54448,1.24532
2.09317,1.4586
1.33418,0.918776
1.11029,-0.820368
1.29054,-0.27411
2.59103,-0.213923
2.30979,-0.264319
2.88664,-0.55432
3.7853,-2.13116
3.70007,-2.43145
3.65798,-1.91393
2.80278,-2.70507
2.65879,-3.73876
2.20956,-2.41302
2.23369,-1.84273
1.85835,-0.758449
1.50046,-0.208162
2.60343,0.272538
1.74848,-0.102728
1.09644,0.517805
0.661665,1.01513
0.261798,0.529477
0.265593,1.42516
1.92516,0.289627
2.906,-0.667219
2.41362,-0.308374
1.33201,-0.0673331
1.16768,0.256949
0.682866,0.296752
0.994585,-0.221052
0.838616,-0.264568
0.114842,0.0803511
0.507266,-0.609015
1.0385,0.310492
1.76339,0.711679
2.19966,-0.0800656
3.40493,-0.373102
3.57479,-0.854002
3.1286,-1.08239
3.31219,-1.99269
4.64166,-1.71727
3.81813,-1.77913
3.72846,-1.86365
4.44408,-2.25391
3.61031,-1.82894
3.26846,-1.00569
3.85731,-1.10374
4.1806,-0.819512
3.87195,-0.508394
3.644,0.960351
3.33665,0.227785
4.46843,0.146237
4.43749,-0.233886
3.08627,-0.0461221
3.03647,-0.493641
2.11383,-1.55632
3.00804,-1.08052
2.2448,-0.8863
1.40912,0.514356
0.937393,0.910096
0.934931,0.689396
0.480994,0.802529
1.00713,1.04823
1.67163,1.04889
1.1182,0.56767
1.24805,1.26492
0.234961,1.38125
-0.0741075,0.769848
1.45419,0.65792
1.79908,0.841349
0.86902,-0.332172
1.10098,0.459224
1.7619,0.555136
2.11765,0.791303
1.56448,0.616439
1.37983,0.986437
1.39981,0.662091
1.02631,1.57349
0.827998,2.23488
0.78527,1.28336
0.659193,1.37775
1.45264,1.15611
1.88148,0.425995
2.8493,1.12699
2.92186,0.208558
3.87595,0.0796851
3.92414,0.217079
3.08399,0.100863
2.64965,-0.28673
2.0829,0.0267039
1.57704,-1.56917
1.81747,-1.76024
2.33428,-2.04659
2.32404,-0.391664
1.88352,-0.127689
2.19452,0.549517
1.79944,0.14888
2.96797,-0.0540059
1.2812,1.24675
0.60515,0.757858
1.33178,1.30455
1.40118,0.406785
1.82184,-0.973304
3.22873,-0.043709
3.25037,1.16894
3.13876,0.862986
3.0373,0.529043
2.21044,0.864228
2.98957,1.38652
2.45844,0.485271
1.77264,0.654983
1.89299,1.32859
1.55964,1.71519
1.26484,1.27557
2.00917,0.265687
1.91234,0.503265
1.90533,0.857701
1.76862,1.66632
1.57934,1.92616
1.39395,1.61438
0.959724,1.73352
0.499283,1.28064
1.27727,0.666324
1.52402,-0.181531
2.26499,-0.118061
1.1919,-0.340063
1.50927,-0.488273
1.81888,0.0482128
2.20005,0.105532
3.45753,0.320383
3.45946,0.883651
2.67373,0.447989
3.27872,0.145695
4.15204,-0.162777
4.71986,-0.655806
3.9982,-0.924762
4.16537,-0.98357
5.27876,-0.99954
5.17055,0.0838637
5.7965,-0.459338
5.65732,-0.732701
5.83626,-0.32908
5.76606,-0.575183
5.67127,-1.77755
6.0389,-1.49921
5.70518,-2.34972
5.35849,-1.52728
6.28099,-1.8537
6.91704,-2.57824
5.46415,-2.38843
5.16843,-2.44687
5.23498,-2.22664
5.37863,-2.48425
4.97312,-1.25843
5.02587,-0.645428
5.77204,-1.13337
6.68788,-2.89814
5.41303,-2.61876
4.47013,-2.22528
4.8918,-2.81002
6.1083,-2.64832
7.20165,-2.39792
6.97661,-2.41014
6.99822,-2.0415
6.19967,-2.14852
6.05687,-2.51239
6.70972,-2.18966
6.06441,-1.52454
6.36214,-1.21037
5.46089,-1.50953
5.44096,-1.19431
5.54143,-2.25854
5.28132,-1.52412
5.09094,-1.40997
5.38406,-1.57601
6.60364,-1.4812
7.35142,-1.46884
6.55447,-1.63193
5.52987,-1.13698
5.4838,-0.685902
5.81405,-0.728685
5.60404,-1.43309
5.8903,-2.03047
6.25306,-2.68678
7.01932,-1.1194
6.14015,-0.844747
4.71625,-1.18351
4.14531,-0.670127
4.59931,-0.739744
3.01316,-0.837872
2.35731,0.214477
2.86813,-0.367519
3.5031,-0.609746
4.43024,-1.18688
4.34154,-1.56542
3.69616,-1.76735
3.44841,-1.8525
3.67759,-1.78439
3.50716,-0.983337
3.6408,-0.313174
3.09074,0.628254
3.09238,0.521379
2.94778,0.553383
3.12402,0.902898
3.03359,1.2861
3.18099,0.587111
2.43959,-0.650655
1.7712,-1.28827
2.28628,-1.12231
1.5943,-2.58167
0.966362,-2.08688
0.790223,-1.78662
1.21496,-2.40683
1.64441,-2.94919
2.43373,-1.98522
3.04482,-2.15302
4.28879,-1.68554
4.92143,-2.38587
4.26744,-1.39497
3.7337,-1.10549
5.0308,-1.16188
4.68086,-0.564541
4.01643,0.369919
3.30214,0.0297939
3.28195,0.120477
2.00303,0.4916
1.15117,1.50075
1.35029,1.41218
1.6137,1.62363
1.34778,1.9875
1.65991,0.983913
1.59387,0.432104
2.60038,0.216353
2.77545,0.113406
2.57836,0.0835674
2.97365,0.912402
3.24902,0.603709
2.95741,0.748934
1.87087,0.29341
1.85428,0.72115
2.2512,2.19518
1.40455,1.91196
1.32936,0.924443
0.920485,0.0201149
1.30776,0.249738
0.139229,-0.364602
0.271929,-0.246526
0.205167,-0.0652044
-0.746012,0.525232
-0.843722,1.17525
-1.02844,0.948503
-0.788836,0.315915
-0.967856,0.170629
-0.759307,-0.279869
-1.06944,0.984665
-0.99271,0.743072
-1.28323,0.664048
-0.103293,0.83049
-0.631248,2.14902
-1.48001,1.19728
-1.78001,1.42241
-0.679846,1.77136
-0.505165,1.31375
-0.388473,1.93104
0.124735,1.80288
-0.558036,1.81806
-0.708332,1.47477
-1.66289,1.73173
-1.79453,1.43873
-1.62497,1.53812
-1.80272,1.78309
-1.86277,2.06677
-1.26037,2.30303
-0.722039,2.14518
-2.29041,1.16302
-2.33518,1.21063
-1.23338,1.06621
-2.42767,2.16783
-2.54252,2.16375
-2.81296,2.22395
-2.19958,2.71019
-1.39431,1.68519
-1.46228,0.750661
-0.673542,0.615977
-0.554507,1.22015
1.28531,1.27086
1.66189,0.952306
2.56164,0.0876823
1.19567,-0.245066
2.14988,-1.53761
2.23465,-1.05356
3.53474,-1.39787
3.97266,-0.297316
4.23285,-0.404228
4.35208,-0.516506
4.20551,0.101964
4.49494,-0.0176454
4.95855,0.1194
4.45895,-0.0297515
3.52638,0.188368
2.91972,-0.324465
3.25986,-0.0108197
2.87219,-1.43814
2.95174,-0.859364
4.23376,-1.10884
5.05639,-1.21059
5.90942,-1.29783
5.65093,-2.12009
6.29161,-3.17578
6.19962,-3.55042
6.43289,-3.28632
6.2095,-2.74025
6.42322,-3.07178
5.5414,-1.83096
6.03636,-0.814449
5.04545,-1.57761
5.1838,-1.8477
5.03627,-0.507196
5.31051,-0.729872
4.61142,0.0734051
4.27858,0.0282455
3.3631,0.399196
3.48894,0.133071
3.72306,1.08024
3.91825,-0.218337
4.53918,0.330075
4.35339,-1.0164
4.24499,-0.798512
5.32044,-0.254981
5.13647,-0.555223
4.05306,-0.921196
4.2453,-0.759983
3.89268,-0.0587373
4.29632,-0.282011
4.17719,-0.302258
2.82687,0.42671
2.29186,0.594527
1.64499,1.10282
1.09023,0.683139
0.744998,0.791294
1.09115,1.29896
0.822004,1.66159
2.31974,0.941208
1.78166,1.07628
1.20721,1.75331
0.839028,1.40719
1.11784,0.920587
1.75266,0.574379
2.32687,0.487706
2.81853,0.298239
3.47499,0.00453981
3.23797,0.220345
2.49641,0.118147
2.133,0.952036
0.77522,0.552962
0.753975,0.944417
0.777986,0.901505
1.09206,0.833449
0.782081,0.783529
0.581799,0.969193
0.408843,2.08155
1.87155,1.69519
2.37778,0.448546
1.78444,0.877768
2.69171,1.33714
4.21323,0.945543
3.64467,1.357
3.64292,0.346089
3.03661,0.452599
2.84645,0.681426
3.71269,0.249971
2.89229,-0.653776
3.72769,0.168414
4.6848,-0.0404944
4.45843,0.403804
3.73803,-1.37221
3.19632,-1.19365
3.24106,-0.0990669
3.63044,0.441568
3.73208,-0.648795
3.40988,-0.618322
3.11624,-1.0232
3.74784,-1.05169
3.25166,-0.190073
2.89524,-0.523183
3.20863,-2.59203
2.75122,-3.36131
2.65981,-4.14658
1.75163,-4.05935
1.7559,-4.7057
1.23271,-4.47679
0.978122,-3.8046
1.75775,-2.81699
1.54067,-2.27761
1.69214,-1.43526
1.44148,-1.80783
0.794682,-1.25262
1.08399,-2.35631
1.39508,-2.51641
0.965802,-1.5407
1.00944,-0.645801
2.46891,0.641072
1.40627,1.04295
0.949208,0.70947
0.0968253,1.5143
0.0978959,0.182827
-0.364079,0.138004
-0.566481,-0.387897
-1.01485,-0.664219
-0.356158,0.842572
-0.102114,1.60145
0.711302,1.22464
1.49868,0.993529
1.01153,0.816103
0.980331,0.962391
3.02454,0.696346
3.36525,0.489987
3.22597,0.00878169
2.95072,-1.13293
3.62559,-0.868376
4.77893,-1.28791
4.29678,-0.891026
4.6502,-0.939582
4.12998,-1.60331
5.04528,-2.19358
5.11879,-1.76795
6.10854,-1.29838
6.38034,-1.4941
6.19464,-1.94612
5.5559,-2.26263
5.60593,-1.85979
5.86368,-1.83497
4.43789,-1.06686
4.77453,0.0570834
4.75762,-1.32057
4.53773,-1.37734
4.93129,-0.789584
4.56895,-1.61873
4.32394,-2.1521
4.13622,-1.61079
3.86685,-1.77314
4.04914,-1.28803
4.51382,-0.188346
4.67944,0.302158
4.65057,0.326109
3.90594,-0.317641
3.61699,-0.772176
3.15246,-0.104003
2.89384,-0.132463
3.27089,0.175897
2.85399,-0.0467246
2.18924,0.51131
1.99519,0.756396
1.88544,1.23453
1.37632,0.0497014
1.36093,1.60599
1.71398,0.93722
2.20432,0.615959
2.84466,0.750854
3.35897,1.21107
3.1122,2.02005
3.10182,0.903698
2.91847,0.33631
3.2113,0.00961212
2.67272,0.704766
1.74341,0.900535
2.25128,1.30824
3.15399,0.768563
2.10301,1.12324
2.71631,0.821887
2.72519,1.09981
2.17532,0.866663
2.27369,1.02486
1.66375,-0.0924073
1.70427,-0.0909402
0.933255,-0.263354
0.815182,-0.719481
1.18659,-0.20906
1.88886,0.167476
1.43897,-0.0316699
3.17076,-0.624642
3.83457,-1.53656
4.8087,-1.28289
5.55095,-1.0193
4.92131,-0.304519
5.89718,-0.733767
6.11487,-1.32334
5.4574,-1.08931
4.69451,-0.562508
4.47323,-0.314519
4.84253,0.452842
3.05442,0.341799
3.2953,0.63298
3.1146,0.153892
2.57406,0.853602
3.44835,0.503409
3.33775,0.396583
3.61778,0.863249
2.60388,0.999796
2.4944,0.795205
2.86559,0.87815
3.30807,0.258914
3.89254,-0.593668
3.91816,-0.378299
4.33866,-0.320498
5.06991,-0.637032
4.13549,-0.966607
3.8252,-0.640297
3.6606,-1.14005
5.01105,-1.09118
4.41012,-0.0888756
3.35939,0.315708
4.33639,-0.470704
4.02862,-0.408749
4.8928,-0.248068
4.3923,-0.273667
4.44836,0.973013
3.83095,-0.369655
3.70727,0.514676
2.98649,0.260874
2.91933,1.05216
2.54165,1.11935
2.62233,0.623828
3.42932,0.27948
3.39498,-0.111496
3.68738,-0.875145
3.97683,-1.35318
4.00822,-0.202408
3.01197,-0.0402986
3.93019,0.64307
3.86712,0.681371
3.26184,-0.532637
3.2713,-0.300761
3.08887,-0.768406
3.49003,-1.03866
2.45684,-0.412651
2.04319,-0.994907
2.35025,-0.989765
2.20884,-0.927279
2.12719,-0.52395
2.12813,-0.695729
1.87147,-0.419685
2.39389,-0.926155
2.73681,-1.28759
3.06069,-2.71132
2.82194,-2.01898
4.21946,-2.11532
4.382,-2.3955
3.31527,-2.24145
3.27076,-1.77013
4.07178,-1.59532
3.0601,-0.772829
3.31302,-0.342745
3.4248,-1.52071
3.96269,-1.1093
3.30784,-1.13962
3.35837,-0.622476
3.75577,0.00959683
3.51175,1.07547
3.40783,1.00882
2.82128,0.558971
2.23385,0.767352
2.13234,0.113268
2.03404,-0.460923
2.75033,-0.406736
2.3499,-0.0908646
1.69406,0.601459
2.83234,0.403151
4.23964,0.816927
4.28409,0.600394
4.0583,0.872415
2.90168,1.08429
2.20261,0.856807
2.15866,0.503541
2.80957,0.200602
3.18213,0.24886
2.23558,1.02331
2.27985,1.30439
1.12418,1.32131
1.30467,1.70141
-0.391211,1.83533
0.35098,1.77213
1.11806,1.7184
0.672965,2.52583
0.401285,2.17136
0.596852,2.21246
-0.374198,2.03117
-0.144576,1.65473
-0.325995,1.57651
-1.22494,1.56491
-2.01191,2.22897
-2.34487,1.33418
-2.34912,1.21953
-1.26572,0.669257
-0.815577,1.23229
-0.937898,0.650022
-0.609167,0.558697
-1.46833,0.161855
-1.24631,-0.187141
-2.6877,-1.01376
-2.58231,-2.15144
-2.22694,-0.876681
-1.68155,-0.183806
-2.53362,0.130685
-1.20757,0.421295
-1.60501,1.44352
-0.556138,1.87102
0.285421,1.24197
1.47495,1.46182
1.59605,1.16511
0.0659965,1.20657
-1.00975,1.22514
-0.248509,1.72969
0.270418,1.78063
0.170965,0.260809
0.706611,0.492078
-0.185704,0.787245
-0.122652,1.80064
-0.533186,1.5915
-0.445493,1.66812
0.562147,1.75647
-1.17199,2.14465
-1.41072,1.50148
-1.42809,1.70257
-1.41276,1.45269
-1.30131,1.66116
-1.87683,1.86341
-1.7137,2.50182
-1.94321,2.57743
-2.58155,1.82016
-2.32914,2.48424
-2.29992,2.70958
-2.28523,1.69219
-1.78143,1.20504
-1.55649,1.2326
-1.12849,0.955468
-1.70781,-0.0269626
-1.86565,0.569184
-2.34464,0.565859
-1.89259,0.485526
-2.34565,0.383951
-2.08363,0.745261
-2.73133,1.65583
-1.93662,0.631302
-2.29607,1.02016
-2.55084,1.03931
-1.71596,0.765591
-1.15418,0.839373
-0.406213,0.197382
0.482844,1.91721
1.03652,1.16257
1.90074,0.862643
1.7473,1.36736
2.25316,0.425978
1.68499,0.87521
1.34779,0.932566
2.06252,1.15933
2.28875,0.0243586
2.9522,0.27158
2.54053,0.614217
2.59061,1.22851
2.2658,0.373516
3.01743,0.347417
2.85962,0.43462
2.13338,-0.758348
2.50233,-0.563396
2.37492,-0.359107
1.94224,-0.429315
0.752165,-1.09411
1.00665,-1.9287
1.87945,-1.49681
1.60027,-0.220619
1.9867,-0.493299
3.01032,-0.993309
3.92032,-0.67111
4.75193,-1.29442
4.69021,-1.00868
3.73621,-0.390097
3.15063,0.211526
3.55699,0.65359
3.81386,0.264837
3.61161,0.971281
4.35456,-0.11194
2.79345,-0.515335
2.92405,-0.586647
2.52211,-1.10182
3.78056,-0.718382
3.55684,-1.18876
4.28928,-1.37361
5.78982,-1.17456
6.15335,-1.79404
7.3936,-1.80524
6.43803,-0.610892
6.86151,-1.19102
7.01113,-1.82389
7.24106,-1.20589
7.74037,-0.678381
7.8009,-1.78828
7.36226,-1.80259
5.15847,-2.3801
4.76471,-2.9632
5.00159,-2.48795
4.10475,-3.0934
4.52416,-2.95235
4.06995,-1.80327
3.39775,-1.47565
3.75516,-1.23107
3.49433,-0.987001
2.66155,-0.598679
3.06854,-0.426253
2.9988,0.297751
2.89774,0.486148
2.68496,0.793393
2.82254,0.561233
4.56889,-0.862716
4.13747,-1.55364
4.49979,-0.376838
4.90573,-0.321532
5.02947,-0.0697923
4.73803,0.0168612
4.58073,-0.500358
4.69952,-0.030179
4.19236,-0.217761
4.13541,0.017334
2.42686,0.126887
2.5058,0.417469
2.81465,0.527905
2.72511,1.16337
2.76584,-0.0858521
3.10053,0.270072
2.6117,-0.185929
2.17565,-0.0312371
2.55632,-0.286348
1.91565,-0.177062
1.09353,-0.92138
1.20467,-0.602004
1.31386,-1.59407
2.28599,-1.41851
3.66929,-1.6673
4.38827,-1.8797
5.12759,-0.96849
5.40246,-1.07199
5.10904,-1.11817
4.65778,-2.34577
4.57762,-2.27476
4.35715,-2.53081
5.41617,-3.17099
5.08634,-3.44289
4.07403,-3.29128
3.88982,-2.74381
2.9811,-2.49721
3.3031,-1.53423
3.43461,-1.32773
2.98937,-1.3387
3.76981,-1.93815
3.86913,-1.731
3.35329,-0.604196
3.49193,-1.18527
3.53382,-1.52695
3.7223,-0.681637
3.27181,-0.821874
2.97257,-0.895874
3.38437,-0.994935
3.98367,-2.04001
3.9201,-2.16636
4.36145,-2.69647
4.11857,-2.26879
4.76701,-2.90962
4.6541,-2.33229
4.83666,-2.08188
5.54845,-3.50053
6.19494,-2.51317
6.32608,-3.21352
5.7364,-3.96017
5.84886,-4.78648
6.17752,-5.18133
6.4822,-4.24218
6.3983,-4.02282
5.89452,-4.81954
6.65465,-3.59023
6.71869,-3.67522
7.38823,-3.18195
7.41949,-3.39248
7.66102,-3.22779
8.12291,-3.27942
8.28493,-3.06741
9.12299,-2.51851
8.16017,-1.87614
7.75614,-1.70551
6.94977,-2.03589
6.07369,-1.18955
5.83387,-2.13877
6.37813,-2.24657
6.60483,-1.82247
7.5006,-2.30773
7.25852,-2.43792
7.41022,-2.26456
7.87047,-2.04308
7.94107,-1.29085
7.18725,-1.14005
7.13165,-1.47142
7.96029,-2.20489
7.50942,-1.58871
7.68343,-1.79367
8.5832,-1.98183
8.36139,-2.70572
8.32327,-1.99706
7.5045,-2.53051
7.045,-1.59376
6.82681,-2.59803
7.21242,-2.81009
8.17583,-2.15516
7.7174,-1.71635
7.63795,-1.97404
7.47773,-1.88153
7.49979,-2.22987
8.35511,-3.02985
7.90833,-3.30429
7.49661,-2.71273
7.98208,-2.28054
8.53584,-1.92175
7.40408,-1.63678
6.94027,-1.54782
6.7089,-1.35982
6.29612,-2.44951
6.74954,-2.03158
6.03213,-1.36996
5.46911,-1.33035
5.77403,-0.958574
5.13328,-0.278534
4.53082,-0.0594911
5.56539,-0.283684
6.69586,-0.855169
6.60912,-0.569116
6.56839,-0.75046
6.82907,-0.609994
6.45139,-1.96143
6.67022,-1.78985
7.60049,-1.62367
6.01002,-1.79525
5.01584,-1.21851
5.03021,-1.8093
4.3155,-2.37407
4.12852,-1.96185
3.69619,-2.43056
4.15798,-2.01818
4.32146,-0.798515
4.85741,-0.648913
4.97695,-0.477376
5.03167,-0.394868
5.40325,0.183357
5.35865,-0.203653
4.48092,-0.509754
5.21825,-1.39838
5.75021,-1.68113
5.48019,-1.67783
5.04947,-0.570969
5.05312,-0.0944697
5.09631,-0.184897
6.12653,-0.378824
5.61371,-0.186863
5.45363,-0.753881
4.22196,-0.785932
3.86852,-1.31478
3.33933,-1.24438
3.76059,-1.62232
4.6449,-1.81857
4.6754,-0.612742
4.04066,0.0614893
4.82576,-1.27925
4.03255,-1.65741
3.72032,-1.24852
3.59991,-1.32365
3.60083,-1.43663
3.51199,-1.74749
3.45849,-2.43303
3.94098,-1.04527
5.87466,-1.21721
6.46083,-1.04413
6.94777,-0.670309
6.49666,-0.925794
5.75756,-0.27841
5.1635,-0.729951
5.94533,-0.64916
5.35514,0.584909
5.74745,-0.63457
5.75517,-1.66209
5.16089,-1.40484
6.18578,-2.34411
6.23516,-2.44293
6.51549,-1.92266
6.50884,-1.04132
5.79806,-1.32607
4.31249,-1.2349
4.66057,-1.37291
5.59919,-1.94279
5.71333,-1.81955
5.04136,-1.51994
5.13444,-1.30639
5.96352,-1.21135
5.65091,-1.88035
6.19622,-3.05057
7.18169,-2.53203
8.02947,-3.39428
7.01129,-2.10523
7.12303,-1.77761
6.45457,-1.49816
6.10097,-0.864862
6.95467,-1.03653
6.96858,-2.00064
7.93176,-2.01102
7.54222,-2.43188
8.03689,-2.27162
7.79365,-1.52869
7.75512,-1.97741
7.2027,-2.08616
6.88999,-2.3808
6.37768,-2.79477
6.71347,-3.52061
7.15717,-3.66858
7.22033,-3.17703
5.90325,-2.001
6.23202,-1.36772
6.29342,-2.09454
5.58993,-1.87714
4.43319,-2.17487
3.62602,-1.47969
3.91108,-1.72844
4.13107,-1.55928
3.82027,-2.09852
4.19787,-2.83762
4.08421,-2.62782
4.71238,-2.07081
5.08784,-2.78947
5.07803,-3.23587
4.96669,-3.57446
3.97701,-3.39795
3.1838,-3.07383
2.46366,-2.92495
2.73813,-3.2026
2.52667,-3.52494
2.07977,-3.8527
2.12502,-5.12469
1.90967,-4.5044
3.00349,-3.83593
3.40615,-4.05051
4.11421,-4.27498
5.08109,-5.05044
5.26345,-5.20574
5.77483,-5.07877
4.9154,-6.22816
5.18132,-5.18379
5.46402,-4.75501
5.83499,-3.08915
5.88189,-3.002
5.7334,-2.9596
6.38735,-3.10967
6.90582,-2.79621
6.83738,-2.11969
7.11748,-0.996298
5.18182,-0.825694
5.39375,-0.927628
4.49691,-0.552322
4.31761,-0.0595106
4.51095,-1.5577
4.33128,-1.9352
4.82101,-1.56711
4.47488,-1.46187
5.18229,-3.26753
4.57893,-3.01884
3.23751,-2.55807
2.89608,-2.76586
2.78337,-2.53977
2.68038,-2.51876
2.80179,-3.77206
2.50646,-4.31373
2.35735,-2.72339
3.39173,-2.96386
4.24128,-1.98651
2.6607,-1.54526
2.36146,-2.35919
3.55602,-3.06113
4.00351,-2.72902
3.96752,-2.5568
3.90347,-2.04303
4.11278,-1.56944
3.88917,-1.04095
4.62064,-1.02153
4.35845,-1.4687
4.58947,-1.83019
4.41437,-1.31543
4.53589,-1.42345
5.00404,-2.33136
4.97563,-2.29272
4.60887,-1.32826
4.26528,-1.07375
4.18664,-0.435118
3.87492,-0.585512
3.72953,-0.674021
4.30278,-0.43082
4.30275,-0.377558
3.70532,0.330011
3.75943,-0.416677
2.55763,-1.23086
2.92605,-1.67255
3.00153,-1.39626
3.55748,-1.92759
4.134,-0.981913
5.87087,-0.924905
6.45864,-0.779625
5.89914,-0.80459
5.18379,-0.691169
4.66423,-0.295571
4.11805,-0.171463
3.59697,-1.26242
3.64188,-0.652345
3.19671,-0.458203
3.81865,0.760015
2.62255,-0.284039
2.60594,0.208412
2.67506,0.228243
2.99586,-0.772748
3.29401,-2.45493
3.42365,-2.40347
3.6315,-2.67519
3.49983,-4.27396
5.0619,-3.93457
5.53552,-3.4784
6.46422,-3.04614
6.80858,-3.62184
7.31832,-4.4958
7.57675,-4.88142
7.4485,-5.16975
6.78845,-5.10541
6.07766,-5.33474
6.75626,-5.64439
8.00402,-6.90146
8.70716,-5.80778
8.5192,-5.79967
8.41656,-5.51838
9.31501,-5.11508
9.41163,-5.346
9.55184,-3.71263
8.90788,-2.64771
9.43582,-2.78588
9.70474,-2.5111
10.4903,-3.82666
10.5461,-3.51343
11.5904,-3.84039
10.2501,-3.59386
9.63088,-3.41717
8.68271,-3.08752
9.65213,-3.66353
8.88554,-3.67318
10.4576,-2.93926
10.1935,-4.02577
9.6962,-3.60079
8.93768,-2.63336
8.91497,-3.91738
9.23963,-4.51774
8.97768,-4.63089
9.28155,-4.5369
9.34321,-5.26209
8.82049,-4.94758
10.0635,-4.96443
9.53427,-4.58111
8.7142,-3.54718
8.20724,-2.99978
7.4473,-3.17144
6.93763,-2.107
7.17763,-2.49793
5.43141,-3.19685
5.52083,-3.24448
6.48118,-2.97876
6.527,-1.82327
6.36694,-1.36528
5.11727,-1.87937
4.02601,-1.26474
3.73993,-1.38936
4.22291,-1.20974
4.51244,-1.53106
4.67405,-1.83687
4.42678,-2.83315
5.20624,-2.06683
6.21647,-2.18067
5.86965,-2.3308
5.00557,-2.42579
4.26085,-0.583326
3.35117,-0.496254
3.89697,-0.993572
4.26081,-0.559993
4.00614,-0.105604
3.70428,-0.906293
3.14356,-0.290696
3.56167,-0.858439
4.59347,-0.40387
3.84491,-0.238982
3.86394,-0.0726439
3.57198,0.18817
3.39407,0.3553
3.68232,0.304121
3.49603,-0.117641
4.88026,-0.617978
3.56576,-0.252001
2.63839,0.831184
3.09456,2.03203
1.69354,1.74148
1.51178,0.397295
0.606605,-0.0599589
1.15234,-0.100474
1.16122,0.1876
1.05152,-0.244555
-0.0226969,-1.159
-0.0550813,-1.67203
0.25004,-2.33528
0.167912,-2.45788
-0.10545,-1.68622
0.0719272,-1.09979
-0.260589,-0.831029
-0.0256105,-0.661454
0.198658,0.0934401
0.0752503,-0.848128
0.0962866,-0.916503
1.86861,-1.12766
1.25587,-1.94515
0.980449,-1.77276
0.646215,-1.31829
0.868606,-0.679139
0.966774,-0.212989
1.88111,-0.413637
2.73313,0.0781341
2.39681,-0.407136
2.48051,0.00292973
2.18903,0.194951
3.15533,0.711489
3.24129,-1.10626
1.83061,-0.876379
1.13523,0.0854569
2.41332,-0.300743
2.29214,-1.19445
2.31275,-2.21858
3.28934,-2.6671
2.53304,-4.00841
2.10203,-3.43853
1.9107,-2.84471
3.12036,-2.0689
3.09211,-1.10664
3.13211,-1.19537
3.03519,-0.0432419
2.30469,-0.383566
3.03519,-0.620943
1.99616,-0.381302
1.90315,-1.48207
1.94422,-0.980958
2.98171,-1.13275
2.04009,-0.293637
1.3766,0.204205
1.93407,0.16259
2.03647,-0.409718
2.04567,-1.0672
2.71888,0.224675
2.18667,1.77199
1.88736,2.59454
0.645797,2.40945
0.388944,1.62321
0.366686,1.82192
0.273695,1.68486
-0.769849,1.3926
-1.21174,0.3358
-0.426137,0.256155
0.249306,-0.537559
-0.297036,0.464488
1.12433,0.992294
1.62308,1.18484
1.37389,0.61135
0.380226,0.0457597
-0.299239,0.225809
1.78029,0.879332
1.44641,0.315779
1.97403,0.150395
2.31973,-0.288331
2.71911,-0.764821
2.91399,0.15091
2.70794,-0.199555
2.69,0.350175
2.81198,0.254962
2.29777,1.30767
2.23502,-0.37497
4.14358,-0.202428
4.1133,-0.716182
4.26571,-1.01659
5.06421,-1.30208
4.61612,-1.33528
4.60859,-1.66544
4.85691,-1.75574
3.80247,-1.84338
3.24819,-2.54793
3.89459,-1.80722
3.07829,-2.23093
4.00981,-1.95294
3.73669,-2.25002
4.74744,-2.23719
4.03476,-2.89982
4.52605,-2.24815
4.93495,-1.71956
3.8998,-1.55553
4.66052,-1.71455
3.92926,-2.4807
3.45319,-2.52081
3.40917,-2.81182
4.03643,-1.97976
3.45327,-0.429031
3.09527,-0.485368
3.1981,-0.47693
3.12323,-0.0306195
3.62783,-0.132283
3.31663,0.550024
3.44151,1.31054
2.54809,1.34197
2.13183,0.266207
2.02848,0.799495
2.26638,0.567536
1.43789,0.759268
1.57299,0.452294
1.00757,1.56601
0.2889,1.25774
-0.109239,1.33524
-0.291475,1.16864
-0.933958,1.3048
-1.40822,1.30937
-1.54794,1.21656
-0.749703,0.685189
-0.440211,0.88337
-1.08642,0.621844
-1.05282,0.319079
0.151703,1.47942
0.39655,0.519734
0.197371,1.24634
0.401877,1.48204
0.125868,-0.3953
0.414033,-0.122457
1.75204,-1.26359
1.27648,-0.624129
1.46601,0.299165
0.453434,1.04793
0.644056,1.42153
1.44179,1.59318
2.07492,0.219402
2.17801,0.343233
2.43147,1.21748
2.80594,0.4719
2.01716,0.812231
1.30161,0.243116
2.57474,0.0334647
2.27305,-0.961291
1.61436,-0.314313
0.475698,-0.00972621
0.267439,1.38822
-0.358498,1.71054
0.108316,1.5958
-0.532201,1.91597
-0.968584,2.40131
-1.75016,1.81314
-1.8116,0.937369
-1.52822,2.02875
-1.34298,1.48888
-1.61618,2.21341
-2.67184,1.58422
-2.77743,2.34495
-2.72459,1.92919
-1.39839,2.25227
-0.852826,2.5221
-0.170466,1.8235
-1.11114,1.34778
-0.939368,0.808729
-0.0731178,0.714109
1.01289,0.928942
1.98049,0.803821
1.66763,0.324139
1.38352,0.981359
0.99102,1.03339
1.39991,1.36071
1.44522,1.07416
1.69838,1.25905
0.515761,1.30545
0.722355,1.51091
1.30883,1.13485
1.37347,1.571
1.02235,1.22323
1.74399,1.80236
1.45119,0.887521
1.43204,1.43112
2.57275,0.438664
2.5272,0.925836
2.38115,1.89833
1.71611,1.25694
1.96211,1.40443
1.95415,0.800966
1.38501,0.446905
0.882742,-0.321816
1.06542,-0.770183
2.39539,-1.59006
3.13771,-1.03094
4.21769,-1.1265
3.75728,-0.625171
4.4846,-0.497681
4.85969,-0.366803
3.95766,-0.416443
5.05845,-0.421137
3.97436,-0.579207
4.63938,-0.548775
3.87069,-0.299634
4.04796,0.0865447
3.41117,0.282084
3.96317,-0.616917
3.67512,-0.542964
3.9297,-0.270651
3.0174,-0.0229424
3.28632,0.949758
3.30065,0.30584
3.3418,-0.242807
2.88121,-0.126384
3.52878,0.570354
3.37206,-0.457062
2.36824,-1.01626
2.28017,-0.846352
2.77072,-1.18305
3.07796,-1.07855
4.24413,-1.39939
5.67668,-0.400298
4.24803,-0.86662
3.2986,-0.873974
3.05017,-0.846402
3.7965,-1.40136
4.31742,-1.33964
4.48694,-0.772575
4.65603,0.911917
4.46787,0.841736
3.97851,0.17597
3.53157,-0.387176
2.51323,0.208529
0.997909,0.244262
1.09306,0.36683
-0.0950017,2.12238
0.423067,2.44108
0.248532,2.45758
1.46735,1.13109
1.65171,1.58024
1.15753,1.96774
1.08849,2.21678
1.47678,0.70805
1.71966,1.02167
0.749307,1.75634
1.42261,1.62933
1.2446,1.11858
1.57904,1.36193
1.33385,0.747264
2.0231,0.862871
2.4167,0.122687
3.40891,-0.67539
4.30186,-0.915162
4.98098,-1.08549
5.00523,-1.20823
5.38868,-1.16211
4.6914,-1.15079
4.78983,-2.41205
4.31158,-3.30066
5.12083,-2.53458
5.50075,-2.32154
5.60369,-1.81923
6.20494,-1.92405
5.95563,-1.8934
5.90902,-1.86447
4.76224,-0.509093
3.98201,-0.36012
4.94513,-0.409158
5.14309,-0.269595
4.74003,0.0847434
4.54431,0.136916
3.82463,0.517736
3.81964,0.749475
4.54889,-0.0358661
3.79899,-0.802758
4.03442,-0.233603
3.58724,0.24673
3.67721,0.177953
3.60696,0.263944
2.60306,1.3532
2.73638,1.03262
2.53755,0.309501
2.38994,-0.344051
1.46224,0.285355
0.769305,0.243573
0.53944,0.345066
1.17666,0.450089
0.601386,1.07639
1.8553,0.542195
1.36231,0.170212
2.17429,0.975855
0.662321,1.23845
0.08234,0.615268
0.128313,-0.354195
1.31081,0.530678
1.57214,1.15362
1.08207,0.505686
1.71441,0.352157
0.660065,0.269526
0.358013,0.754236
0.806795,0.698237
-0.681342,1.45148
-0.166486,1.19333
1.15593,0.37552
1.12676,0.288513
1.57189,-0.64944
1.82086,-1.05472
1.69057,-1.24456
2.36812,-2.10056
3.17744,-1.70235
4.87763,-0.815153
4.59285,-0.736165
6.0039,-0.295655
5.28269,-0.236179
4.69907,-1.30554
4.50743,-0.667193
4.13756,-0.430123
5.66992,-0.393173
5.39384,0.590346
5.3149,0.064548
4.71836,-0.571296
3.72555,-0.842472
4.31355,-1.37066
4.47196,-1.36166
4.32702,-2.64295
4.3429,-3.56664
4.46938,-4.32327
4.6099,-4.68735
3.47571,-4.18909
2.82535,-3.69795
2.91864,-4.18982
2.99999,-4.16644
2.37924,-3.79825
2.49592,-3.33067
2.7036,-2.90545
2.84641,-2.68796
2.01087,-2.90939
1.68546,-3.94292
0.545842,-4.39473
0.478766,-4.58226
0.231,-5.85441
1.11226,-5.71329
0.531293,-7.13109
0.658073,-6.60819
1.43306,-6.91578
1.09152,-5.93893
1.41497,-6.12944
1.15939,-6.92867
1.76823,-6.98661
2.40706,-6.78748
2.49268,-6.25757
3.13554,-6.80756
2.54491,-7.50463
1.91848,-7.58477
1.56037,-6.1821
1.76994,-4.69941
1.79313,-5.23967
3.53721,-5.34284
4.02237,-5.53732
4.32848,-5.30917
4.96821,-4.7125
4.39911,-5.59599
5.23983,-5.39543
6.48355,-5.57354
6.79852,-5.17471
5.87115,-5.07911
6.07056,-4.61496
5.88447,-4.27755
6.35588,-3.90129
7.19957,-2.63384
6.89229,-2.0577
5.97402,-3.20464
5.05923,-2.94961
5.44968,-2.84094
5.28625,-1.77649
5.31857,-1.73521
6.38594,-1.83707
5.84443,-1.80996
5.49627,-1.61866
6.37419,-2.71379
7.02129,-3.14249
7.83852,-4.79082
8.35593,-3.37242
9.21716,-3.97323
9.92771,-3.99356
9.06645,-3.60832
9.78181,-3.47054
9.23478,-4.37065
8.61256,-4.50769
8.19355,-4.49916
7.73025,-4.85114
8.01121,-4.71971
8.57092,-4.30656
8.69776,-4.67912
8.46569,-4.2236
9.18472,-3.88055
10.0021,-4.43339
9.7122,-3.78246
10.1161,-3.38772
10.7211,-4.73366
10.6384,-5.26319
10.6575,-5.19277
10.0842,-4.77538
10.209,-4.20575
11.0242,-3.36557
10.3525,-4.10801
10.8358,-3.25589
11.2745,-2.74517
12.0061,-1.99959
10.7721,-1.30037
10.2651,-1.13093
10.1624,-0.703483
9.94971,-1.49564
8.27156,-0.804154
7.80805,-0.00167669
6.50656,-0.422106
5.96214,-1.37368
4.47639,-0.919211
5.21909,-0.620543
5.26162,0.314471
5.54837,0.10267
5.28914,-0.524085
4.61153,-1.5914
5.12753,-1.34651
4.33648,-1.58916
3.5719,-0.186531
2.79143,-0.873932
2.45407,-1.69323
2.45338,-0.712025
2.39774,0.391082
2.84366,-0.220887
2.5499,0.396733
2.61448,0.0152816
2.39912,0.325531
2.79812,0.877092
3.371,0.442684
3.792,0.292792
3.19815,0.797164
2.72318,0.984542
1.8502,0.880317
0.486372,1.65162
-0.0619793,1.4743
0.177335,2.21815
0.257688,1.14877
-0.578351,2.32983
-0.610338,2.17014
-0.768451,2.43604
-0.919161,1.54107
-0.159505,1.9956
-0.468801,2.47673
-0.287086,1.66207
-0.611335,1.57371
-0.616921,0.824604
-1.79988,0.583288
-2.27023,1.62989
-1.93571,1.18217
-2.22499,2.10976
-1.49944,3.02243
-2.03128,2.83242
-2.96729,2.69936
-4.22782,4.16543
-4.18336,3.81049
-5.9766,4.32457
-6.61298,3.50602
-6.26364,5.7364
-6.11222,6.48596
-5.40587,6.64584
-6.14417,6.20756
-6.77384,5.08253
-6.42214,5.06883
-6.48993,4.77285
-5.9445,4.04679
-6.9706,3.732
-7.99153,4.63802
-8.76468,5.39803
-8.47414,5.31425
-7.93503,5.4477
-7.75676,5.73342
-6.58661,5.56958
-7.14342,5.30031
-6.49727,5.08109
-6.38335,5.80925
-5.56317,5.54174
-5.7659,5.00947
-5.01537,4.90832
-5.64648,5.20159
-5.38373,3.97113
-5.52922,3.31245
-4.67421,3.01407
-4.20557,2.8524
-4.00761,2.18435
-3.92409,2.53375
-3.94795,2.54986
-4.12157,2.08665
-3.62821,1.75014
-2.90693,2.50324
-4.20787,3.63615
-4.52127,3.6844
-5.59642,3.3422
-4.97464,2.36518
-4.70112,3.55189
-4.35007,2.74061
-3.5616,2.18376
-3.66196,2.95332
-2.36773,2.88992
-1.82249,1.51766
-0.838999,1.75092
-1.48913,0.736668
-1.47571,0.164005
-1.33147,0.37502
-1.90539,1.13467
-2.59488,1.82138
-3.29191,2.13589
-4.35578,1.69107
-4.51227,3.19678
-4.72051,3.26121
-4.96006,3.62809
-4.75267,2.7035
-4.24648,2.66418
-4.1152,3.36296
-3.96752,3.39896
-4.25795,3.71347
-4.24771,3.97837
-4.11129,3.80297
-2.90074,3.33357
-3.29929,3.14585
-3.52829,2.79198
-3.00298,1.89485
-2.7271,1.59378
-3.73251,2.22068
-3.96457,3.18921
-4.53402,4.16478
-4.51398,4.08254
-4.8618,4.32969
-5.14403,5.15175
-4.84393,5.25957
-5.33337,5.41116
-5.82937,5.12498
-6.38918,4.71831
-6.615,4.14707
-6.28748,4.181
-6.61378,4.29513
-6.97391,4.46588
-6.58489,3.91082
-5.52751,4.43795
-5.34072,4.45046
-5.66934,4.82318
-6.43244,5.00977
-5.91523,5.4807
-7.10338,4.80472
-7.78718,4.87504
-8.13703,5.62048
-7.05786,6.01997
-6.91204,5.9109
-7.78382,5.53545
-7.60941,6.05978
-6.88213,4.59304
-6.49974,4.0695
-7.02281,4.04317
-7.1894,4.65552
-5.58934,4.09407
-4.95094,3.27608
-4.46715,2.25377
-4.00935,1.09096
-4.4097,2.32868
-3.54727,2.57091
-3.42726,2.44471
-2.86481,2.21795
-2.62688,1.50663
-2.80613,2.94048
-4.4479,3.48636
-4.36464,3.93188
-3.7608,3.11741
-3.44814,3.85183
-2.37022,4.13922
-1.84883,3.78928
-2.59017,3.79443
-2.97265,3.69597
-2.90064,3.77517
-3.13898,3.69176
-2.70037,3.17572
-2.62387,3.2282
-2.52924,3.13497
-2.04236,2.47801
-0.754698,1.90659
-0.422868,1.95455
-0.844496,2.40325
0.0944253,1.73865
-0.95576,2.0462
-0.284672,2.11564
-0.554735,1.67571
-0.00894115,1.63054
-0.155666,1.40475
-0.0592079,1.98737
1.01003,1.57432
-0.164093,1.98079
-0.0685258,1.14005
-0.100111,1.56889
0.0141877,1.87653
-0.150208,1.62499
0.656314,1.17553
2.17916,1.05344
0.662756,1.47486
1.03275,0.820714
0.567294,1.8829
0.159817,1.95874
0.216529,1.4388
-0.912231,1.35651
0.758252,1.25249
-0.185485,1.6963
-0.476542,0.452823
0.826728,0.82425
0.406391,0.374235
1.3878,0.342991
1.17624,0.890349
1.5709,0.131255
0.587798,0.139122
0.234316,0.379018
0.390633,-0.307002
-0.277734,0.0976515
0.583398,0.153325
1.31325,0.394241
1.49764,0.798226
-0.0803341,1.2801
-0.0882919,1.35292
0.363602,1.28626
0.87865,1.75712
0.538814,1.75113
0.714617,1.4575
0.0147113,1.11518
1.11507,1.74097
0.282984,1.98957
-0.463449,2.29003
-0.115268,1.6674
0.811195,0.565177
-0.385039,0.0682388
0.264881,-0.469525
0.149085,-0.71927
0.165689,-1.38463
0.835747,-0.633428
0.338195,-1.27633
-1.08793,-1.44289
-0.346198,-0.989795
-1.41648,-1.18834
-0.601254,0.281766
-0.255755,0.553341
0.0163314,0.601979
0.45624,0.684536
0.105773,0.873143
0.375421,0.578154
0.126175,0.518844
0.564747,0.747433
1.19648,-0.367912
1.18661,-0.4038
0.897946,0.199586
1.48202,0.138877
1.95514,0.68239
1.99867,0.268506
2.038,1.31812
1.7487,1.35607
1.40213,1.36802
0.939314,1.7787
0.057803,1.93015
-0.522382,1.60781
0.364063,1.10038
0.404967,1.16991
-0.452257,1.62929
1.10618,1.00807
1.01362,0.939175
0.419361,0.669626
0.899668,0.109323
0.416622,0.102926
0.618851,0.221626
-0.157365,0.791044
0.114685,-0.226076
0.777162,0.273261
-0.0110523,0.682463
0.771842,0.0647262
1.22592,-0.131112
1.18302,-1.30549
1.90453,-2.25123
1.18562,-3.30593
1.77999,-2.04904
1.88414,0.0589514
1.37015,-0.00155295
1.16764,1.18505
0.551708,0.467248
-0.499234,0.175289
-1.27903,-0.406232
-1.01318,-0.595961
-1.15593,-0.793652
-1.48173,-0.897795
-1.81484,-0.953489
-1.62051,-1.17156
-0.945198,-0.934625
-0.350786,-1.50234
-0.740987,-0.905452
-1.26296,-0.779829
-1.57146,-0.0268769
-2.28366,-0.441524
-2.79083,-1.27138
-3.26695,-1.98522
-2.77252,-2.15505
-3.56854,-1.86445
-3.7084,-1.20747
-2.85961,-0.750482
-2.99768,-0.15761
-2.26863,0.425529
-1.21164,1.32746
-0.505701,1.7896
0.0867155,2.2999
0.120589,2.39243
-1.03051,1.61589
-0.689214,1.89295
-0.283037,1.88906
0.185105,2.7313
0.0496457,2.6715
-0.138938,2.10038
0.537545,0.632575
0.638661,1.39626
1.29972,1.5312
1.64689,2.43584
0.943814,1.25007
0.0489045,0.646711
1.24871,1.07818
1.97262,1.01924
2.19324,0.923163
1.71658,0.889997
1.77087,0.463301
1.79413,1.45866
1.28703,0.632424
1.08085,0.961315
1.45824,1.58012
2.18981,1.20214
3.48863,0.426374
2.80261,0.061425
3.6628,0.0641947
3.83065,0.275627
3.8757,0.627084
4.38804,-0.165618
4.01703,-0.889637
4.84867,-0.870511
5.40118,-0.224649
4.9167,0.104338
5.27481,-0.830626
6.18078,-1.22394
4.85903,-1.54479
4.51605,-1.6377
4.62123,-1.07929
5.21834,-0.469279
5.26914,-0.392275
5.25675,-0.897139
5.84184,-2.34155
5.22155,-1.31265
5.33846,-1.7043
4.68137,-1.99835
4.87533,-2.05354
4.18758,-2.06903
4.00196,-2.24762
3.78294,-1.73365
5.04805,-1.19454
5.8162,-2.25545
5.53726,-2.50451
6.03561,-2.03428
6.35439,-2.16008
7.17006,-2.39407
7.27589,-3.41484
7.45798,-3.62935
7.66328,-3.14675
6.59241,-2.58891
6.19851,-1.64528
6.55251,-1.16053
6.0771,-0.681794
6.24877,-0.895973
6.20566,-1.68525
5.56662,-2.01518
5.50335,-1.71648
6.4712,-1.17161
6.00485,-1.68098
5.68941,-1.52267
6.39065,-2.01617
7.18795,-2.59335
6.53262,-2.46071
6.69741,-2.55015
7.30068,-1.3026
8.53061,-1.32001
7.88098,-1.65749
7.62485,-2.38305
8.15296,-2.67534
7.66965,-1.71015
7.48829,-1.69856
7.06028,-0.807216
6.13433,-0.753195
6.62425,-1.92208
5.90496,-1.6493
5.34384,-2.31086
5.23484,-2.3546
5.08698,-3.08824
5.71123,-2.66352
5.42851,-2.22103
4.57424,-1.34306
5.15104,-1.19169
5.57676,-1.04742
5.20603,-0.99049
4.58414,-0.763542
3.09468,-0.00332765
1.91818,0.365304
1.52109,1.77697
1.27695,1.09508
0.43859,0.751611
-0.311317,0.838258
-1.22988,1.98482
-1.20932,2.48252
-2.06733,2.75528
-1.37158,2.42688
-2.29669,2.82102
-1.68461,2.85631
-1.73433,3.38096
-1.74592,2.82459
-0.961768,2.493
-0.998489,2.94609
-1.52715,2.79657
-1.88648,1.81462
-1.42222,2.1365
-0.957644,0.94391
-0.211447,1.05912
1.25749,0.7506
1.32655,0.431177
2.48402,-0.177499
1.41557,1.33377
0.869371,1.51902
0.733028,1.74836
1.27346,1.20466
1.37429,1.38291
1.21726,0.237749
0.578307,1.11053
0.326482,1.40581
1.16375,1.51769
1.5481,0.793437
1.42352,1.41275
0.250475,1.11188
0.7294,0.221037
1.85615,1.25045
2.22747,0.912149
2.61339,0.409367
1.64947,0.260413
2.2102,1.2418
2.08212,0.968819
2.31497,0.286253
2.39918,0.77595
2.6313,0.0819435
2.84135,0.406941
1.68,-0.169414
1.67134,0.744876
1.18681,1.76335
0.640803,1.23705
0.662398,1.84163
0.823902,1.00627
1.52027,0.20261
1.61379,-0.443052
1.83724,-0.258733
2.03811,0.767342
3.4129,0.50382
2.90807,1.53465
1.82451,1.08721
0.645418,0.712257
0.978769,1.24802
2.0127,1.10323
2.61879,0.613493
1.20176,1.24366
0.911981,0.952484
0.75509,1.67844
-0.262963,1.14597
-0.317844,1.14188
-0.57729,1.6338
0.164455,2.15599
0.0509894,1.43092
0.372781,1.67578
1.3987,1.23876
1.59145,1.36263
1.49873,0.052168
1.90118,0.836201
2.64044,-0.141709
3.19776,0.768111
3.03315,0.368931
2.89755,0.446006
2.33903,-0.0830704
2.84234,0.168189
2.49045,-0.571311
2.89259,-1.72039
3.30581,-2.48516
2.38337,-2.09441
2.85596,-2.73471
3.65794,-3.8294
3.60226,-3.1435
4.53214,-2.15084
3.98619,-2.51702
4.77953,-2.78979
3.92343,-1.66921
3.0338,-0.471761
1.70869,-0.803455
3.04452,-0.627209
3.48308,0.454431
4.03218,-0.293495
5.0174,-0.018579
5.0971,-0.17099
4.51268,-0.962277
4.69745,-0.577183
3.80098,0.0348289
3.799,0.569753
2.82546,1.08082
3.55555,0.341894
3.82425,0.294204
3.3529,0.185585
3.31681,-0.658462
3.46394,-0.584227
3.75358,-0.783674
4.19529,-0.171466
4.4437,-0.985663
5.02034,-0.334843
5.86576,-0.542971
6.3194,-0.333568
6.29761,-1.33147
6.80735,-1.7167
6.02215,-2.30123
6.58829,-3.00187
7.58137,-1.99852
7.05057,-1.59547
5.48636,-0.307096
4.98331,-0.289209
3.90816,-0.396612
2.97308,0.416015
3.23925,-0.13306
3.78094,-0.877933
3.65409,-1.4035
3.55249,-1.68979
4.2639,-2.12417
5.10838,-2.59259
5.11993,-2.11583
5.5346,-2.57937
4.19325,-2.52695
3.98441,-1.8767
5.03137,-3.60338
5.47071,-4.26857
4.8368,-3.76397
4.57781,-4.31574
3.47821,-4.41947
3.34462,-4.53536
3.02034,-3.97387
3.61129,-3.61977
4.96124,-3.02425
5.70025,-3.42233
6.59487,-3.22666
7.56637,-4.20933
7.6285,-5.10335
7.04828,-4.73278
6.25402,-4.05199
6.19603,-4.16068
7.0762,-3.916
6.33402,-3.34427
6.90506,-4.41807
7.36612,-4.64031
6.86095,-4.10685
7.00218,-4.61886
7.22345,-4.48941
8.99616,-4.68924
8.4533,-3.64805
9.00687,-3.57874
8.74258,-2.96793
7.97596,-2.19679
7.26425,-2.10313
6.92551,-2.59529
6.49614,-1.5781
7.48383,-2.90194
7.632,-4.02541
7.14944,-4.75064
7.28575,-4.49462
6.66525,-5.14288
7.11994,-4.71752
7.06638,-4.16299
7.15534,-3.52164
6.71771,-3.07618
5.19656,-2.27637
5.94136,-1.29394
5.57561,-1.98363
4.52691,-1.60831
4.67977,-1.6218
5.44468,-1.14921
6.6891,-0.627071
6.62446,-0.925055
5.98648,-0.889083
5.57379,-0.747103
5.68894,-1.04963
4.13576,-0.647117
3.6925,-0.500307
3.38039,0.129915
2.95633,0.1108
3.2728,-0.167577
3.19314,0.00522112
3.52832,-0.211994
3.79909,-1.20533
4.88684,-0.337735
4.95184,-1.03931
4.25991,-0.46089
4.4472,-0.148284
3.77819,0.366206
2.84557,0.352302
1.77648,0.0506128
2.76625,0.381007
3.70437,1.00379
3.68962,0.2567
4.3765,0.867099
4.62666,0.472588
4.33556,0.20128
3.95699,0.0755715
4.05647,0.0993081
3.90966,-0.710779
3.86247,-1.67232
3.72107,-2.08836
3.61241,-2.62085
4.563,-1.82249
3.70366,-1.96915
4.34972,-1.69092
4.71225,-1.40902
4.9102,-0.45351
4.88452,-0.92727
3.8519,-0.524217
3.57458,-2.33722
3.15717,-2.55996
3.11059,-1.79806
2.79429,-1.96251
3.22656,-1.00358
3.48089,-0.139566
4.04624,-0.980906
4.19242,-0.502768
3.55462,-0.00929894
2.49303,-0.274081
3.26759,-0.211438
3.97545,-0.824584
4.01812,-1.22716
3.86037,-0.452949
5.24228,-0.106199
5.72192,-0.27488
5.56022,-0.317031
5.93498,-0.609005
5.10002,-0.311149
4.79961,-0.432904
4.58848,-0.0659281
4.41798,0.24002
4.56884,1.15737
5.25891,0.408015
4.58165,-0.706166
4.45947,-0.65812
4.01282,-0.786194
4.67304,-0.555084
5.05172,-0.726698
6.00401,-0.670444
5.25417,-0.00222532
4.59563,-0.900957
3.98599,-1.36046
3.69192,-1.0169
3.6583,-2.13753
2.55907,-2.51506
1.81133,-2.775
2.10882,-2.19631
2.87949,-1.65453
2.61657,-0.214196
2.63865,0.098924
2.62376,0.569283
2.39531,0.0815697
0.990725,0.444494
0.896538,0.339595
0.531496,1.06993
0.970253,1.20509
0.103915,1.61731
-0.167511,1.36649
0.177569,1.13022
-0.0689234,0.844524
-0.419835,0.962994
-0.206639,0.01004
-0.421652,0.802299
-1.3537,1.39814
-1.75355,1.24796
-0.74749,2.83525
-1.43495,2.8505
-2.363,1.41499
-2.13784,0.726991
-1.64104,1.28782
-1.27202,0.757625
-0.51199,0.291957
-1.00144,0.489964
-0.0449109,0.335897
0.163312,0.862557
0.167053,0.103014
-0.409666,-0.202994
-0.143096,-1.11817
0.138518,-0.186248
-0.126118,-0.744788
0.271726,-1.13747
0.0173319,-2.3815
-0.13319,-2.2008
0.295394,-1.90163
0.0203569,-1.7481
-0.204049,-3.02413
-1.80918,-3.56429
-2.34913,-3.1019
-2.00154,-3.19835
-1.40976,-1.39012
-1.24914,-2.03333
0.675948,-3.63552
0.698629,-3.29266
0.585865,-4.07445
2.03307,-2.70356
3.08771,-2.13404
3.39431,-1.72172
2.80102,-1.93944
2.83156,-2.49202
3.38476,-3.06596
4.60806,-2.82377
4.824,-2.19058
6.15879,-1.07213
7.24682,-1.64354
6.96399,-1.61896
6.69122,-1.19769
6.00854,-0.733881
6.48361,-0.198792
6.40593,-0.30945
6.22642,-0.143457
6.78523,-0.686431
6.73831,-1.33784
7.48567,-2.31075
8.56218,-2.16011
7.92905,-1.58718
7.30578,-0.938703
6.95123,-0.639501
6.96538,-0.0837021
7.52858,-1.90451
7.862,-2.31693
8.83756,-2.74836
9.23612,-3.19178
9.55314,-3.19477
8.9564,-3.1336
9.96395,-3.86971
10.2865,-4.29705
9.49099,-4.03974
9.30324,-3.87716
8.84116,-3.40182
8.59275,-2.66527
8.06804,-2.66612
6.893,-2.5952
6.28619,-2.23353
6.25144,-1.55495
5.74486,-1.83915
5.06303,-2.67352
5.76697,-2.91369
5.90527,-3.17
6.87858,-3.35172
6.75246,-2.93761
6.25667,-2.94758
