-113.402,-187.359
-113.403,-187.389
-113.784,-187.443
-113.62,-187.445
-113.607,-187.555
-113.736,-187.641
-113.847,-187.954
-113.963,-188.052
-114.12,-187.982
-114.31,-188.092
-114.329,-188.292
-114.396,-188.467
-114.696,-188.605
-114.89,-188.424
-114.949,-188.506
-114.951,-188.701
-114.944,-188.662
-114.784,-188.882
-114.875,-189.029
-114.862,-189.024
-114.859,-188.955
-114.895,-188.873
-114.767,-189.044
-114.547,-189.044
-114.717,-188.891
-114.717,-188.891
-115.144,-188.894
-115.072,-188.702
-114.96,-188.593
-114.834,-188.977
-114.717,-189.079
-114.717,-189.079
-114.717,-189.079
-114.958,-188.999
-115.176,-189.074
-115.293,-189.044
-115.318,-188.989
-115.491,-188.964
-115.29,-189.376
-115.434,-189.45
-115.395,-189.326
-115.141,-189.67
-115.109,-189.861
-115.254,-190.044
-115.42,-190.061
-115.711,-190.335
-115.718,-190.584
-115.62,-190.645
-115.754,-190.567
-115.454,-190.684
-115.273,-190.871
-115.236,-190.896
-115.295,-191.143
-115.542,-191.197
-115.506,-191.392
-115.556,-191.244
-115.584,-191.048
-115.999,-191.018
-116.306,-191.07
-116.434,-191.344
-116.504,-191.529
-116.631,-191.735
-116.664,-191.697
-116.752,-191.849
-116.763,-191.914
-117.075,-192.138
-117.017,-192.344
-117.064,-192.64
-117.032,-192.922
-116.775,-193.127
-116.701,-193.506
-116.703,-193.581
-116.716,-193.468
-117.014,-193.466
-117.322,-193.435
-117.422,-193.638
-117.356,-193.899
-117.565,-193.903
-117.636,-193.789
-117.636,-193.789
-117.736,-193.701
-118.033,-193.883
-117.806,-194.178
-117.821,-194.313
-117.627,-194.641
-117.513,-194.693
-117.568,-194.776
-117.415,-194.854
-117.75,-194.939
-117.765,-195.133
-117.9,-195.583
-117.993,-195.887
-118.055,-195.81
-118.109,-195.894
-118.199,-195.732
-118.453,-195.999
-118.561,-195.759
-118.664,-195.765
-118.964,-196.08
-118.993,-196.276
-119.343,-196.335
-119.351,-196.39
-119.652,-196.245
-119.657,-196.298
-119.528,-196.398
-119.545,-196.555
-119.71,-196.859
-119.968,-196.922
-119.744,-197.003
-119.821,-197.041
-119.832,-196.913
-119.928,-196.876
-119.671,-196.958
-119.936,-196.987
-120.309,-196.949
-120.283,-196.882
-120.561,-197.061
-120.583,-197.131
-120.645,-197.137
-120.63,-196.977
-120.715,-196.958
-120.584,-197.306
-120.549,-197.339
-120.615,-197.384
-120.873,-196.874
-120.982,-196.74
-120.973,-196.994
-121.222,-197.172
-121.684,-197.154
-121.729,-197.004
-121.865,-196.896
-121.889,-196.768
-121.983,-196.879
-121.983,-196.879
-121.963,-196.745
-122.261,-196.963
-122.412,-197.146
-122.509,-197.08
-122.329,-197.292
-122.421,-197.673
-122.683,-197.87
-122.507,-197.979
-122.455,-198.244
-122.536,-198.251
-122.413,-198.201
-122.413,-198.201
-122.659,-198.349
-122.741,-198.374
-123.199,-198.237
-123.249,-198.107
-123.118,-198.117
-123.186,-197.95
-123.251,-198.116
-123.395,-198.395
-123.427,-198.424
-123.532,-198.493
-123.855,-198.97
-123.913,-199.02
-123.993,-198.908
-124.505,-199.186
-124.613,-199.368
-125.008,-199.497
-124.829,-199.578
-124.579,-199.729
-124.598,-199.935
-124.734,-199.84
-124.783,-199.916
-125.008,-200.193
-124.93,-200.096
-125.155,-200.438
-125.314,-200.545
-125.329,-200.66
-125.507,-200.887
-125.375,-200.981
-125.402,-201.292
-125.48,-201.532
-125.606,-201.572
-125.47,-201.399
-125.559,-201.408
-125.494,-201.605
-125.82,-201.521
-125.825,-201.53
-125.887,-201.535
-126.047,-201.74
-126.013,-201.665
-126.21,-201.825
-126.168,-201.803
-126.485,-202.052
-126.323,-202.361
-126.399,-202.505
-126.6,-202.499
-126.518,-202.707
-126.647,-202.707
-126.934,-202.611
-126.912,-202.797
-127.079,-202.773
-127.127,-202.697
-127.173,-203.196
-127.415,-203.153
-127.149,-203.246
-127.168,-203.515
-127.32,-203.481
-127.32,-203.481
-127.545,-203.504
-127.673,-203.658
-127.749,-203.665
-127.833,-203.736
-127.923,-203.912
-127.882,-204.192
-127.737,-204.071
-127.78,-203.966
-127.702,-203.977
-128.15,-204.207
-127.851,-204.427
-128.075,-204.506
-128.246,-204.778
-128.254,-204.871
-128.294,-204.979
-128.406,-204.975
-128.383,-205.211
-128.383,-205.211
-128.579,-205.254
-128.606,-205.096
-128.831,-205.034
-129.364,-205.307
-129.535,-205.247
-129.628,-205.187
-129.669,-205.252
-129.71,-205.345
-129.723,-205.355
-130.042,-205.652
-130.338,-205.521
-130.328,-205.652
-130.568,-205.619
-130.518,-205.898
-130.536,-205.973
-130.373,-206.171
-130.55,-206.357
-130.62,-206.683
-130.735,-206.729
-130.802,-206.645
-131.136,-206.599
-130.841,-206.796
-130.559,-206.847
-130.6,-207.026
-130.392,-207.497
-130.354,-207.543
-130.243,-207.628
-130.425,-207.707
-130.754,-207.686
-130.69,-207.775
-130.982,-207.77
-130.801,-207.853
-130.801,-207.853
-130.822,-207.785
-130.808,-208.055
-130.924,-207.993
-131.008,-208.109
-131.311,-208.545
-131.676,-208.478
-131.695,-208.503
-131.534,-208.955
-131.539,-208.962
-131.47,-208.896
-131.436,-208.911
-131.221,-209.02
-131.555,-209.042
-131.951,-209.367
-132.165,-209.33
-132.14,-209.623
-132.21,-209.63
-132.21,-209.63
-132.4,-209.64
-132.117,-209.762
-132.17,-209.766
-132.225,-210.02
-132.257,-210.229
-132.669,-210.491
-132.735,-210.485
-132.758,-210.556
-132.868,-210.656
-132.928,-210.813
-133.24,-210.806
-133.176,-210.955
-133.261,-210.7
-133.198,-210.571
-133.64,-210.534
-133.602,-210.497
-133.629,-210.549
-133.63,-210.675
-133.902,-210.882
-133.97,-211.012
-134.268,-211.426
-134.268,-211.426
-134.1,-211.439
-133.986,-211.657
-134.106,-211.558
-133.943,-211.68
-133.98,-211.672
-134.105,-211.744
-134.259,-211.77
-134.168,-211.837
-134.65,-212.263
-134.729,-212.138
-134.694,-212.362
-134.448,-212.553
-134.294,-212.659
-134.207,-212.624
-134.182,-212.821
-134.256,-212.887
-134.418,-212.955
-134.511,-213.09
-134.538,-213.015
-134.451,-212.922
-134.443,-213.052
-134.565,-213.395
-134.876,-213.404
-134.932,-213.44
-135.151,-213.544
-135.012,-213.652
-135.144,-213.689
-135.222,-213.921
-135.136,-214.168
-134.878,-214.178
-134.904,-214.209
-134.75,-214.499
-134.907,-214.573
-134.7,-214.662
-134.733,-214.754
-134.867,-214.854
-134.818,-215.071
-135.086,-215.101
-134.795,-215.161
-134.997,-214.909
-135.069,-214.986
-135.196,-215.239
-135.342,-215.288
-135.454,-215.281
-135.095,-215.429
-135.36,-215.374
-135.207,-215.523
-135.201,-215.504
-135.477,-215.465
-135.464,-215.728
-135.421,-216.089
-135.436,-216.187
-135.533,-216.149
-135.871,-216.416
-135.659,-216.374
-135.719,-216.331
-135.772,-216.305
-135.8,-216.373
-135.9,-216.65
-136.094,-216.716
-136.002,-216.534
-136.097,-216.586
-135.972,-216.539
-135.719,-216.737
-135.883,-216.653
-135.805,-216.699
-136.093,-216.934
-136.229,-216.897
-136.394,-216.972
-136.632,-216.778
-136.918,-216.606
-137.224,-216.695
-137.506,-216.905
-137.517,-217.013
-137.481,-217.061
-137.531,-217.036
-137.794,-217.063
-137.794,-216.975
-137.833,-216.916
-137.938,-217.012
-137.904,-217.199
-138.184,-217.527
-138.399,-217.489
-138.529,-217.741
-138.768,-218.061
-138.95,-218.53
-138.868,-218.394
-138.957,-218.349
-139.254,-218.39
-139.173,-218.652
-139.513,-218.74
-139.327,-218.86
-139.382,-218.718
-139.705,-218.677
-139.902,-218.622
-140.209,-218.501
-139.976,-218.608
-140.133,-218.895
-139.812,-219.127
-139.656,-219.349
-139.959,-219.326
-139.999,-219.4
-140.153,-219.419
-140.147,-219.453
-140.195,-219.536
-140.338,-219.527
-140.338,-219.527
-140.57,-219.591
-140.659,-219.542
-140.564,-219.847
-140.707,-219.835
-140.667,-219.688
-140.845,-219.588
-140.721,-219.657
-140.986,-219.707
-140.968,-220.017
-141.471,-219.961
-141.645,-219.904
-141.735,-219.855
-141.676,-219.746
-141.624,-219.565
-141.883,-219.702
-142.142,-219.581
-142.008,-219.704
-142.108,-220.032
-142.397,-220.073
-142.333,-219.925
-142.457,-220.03
-142.514,-220.011
-142.536,-220.036
-142.698,-220.254
-143.082,-220.334
-143.502,-220.264
-143.36,-220.555
-143.575,-220.161
-143.586,-220.037
-143.985,-220.218
-143.844,-220.263
-144.37,-220.683
-144.351,-220.906
-144.221,-221.123
-143.826,-221.117
-143.886,-221.207
-143.841,-221.188
-143.89,-221.161
-143.954,-221.513
-144.326,-221.742
-144.535,-221.714
-144.691,-221.727
-144.939,-221.613
-144.842,-221.545
-144.988,-221.676
-145.115,-221.664
-145.139,-221.847
-144.996,-222.445
-145.06,-222.539
-145.355,-222.757
-145.152,-222.763
-145.266,-222.662
-145.148,-222.653
-144.88,-222.966
-144.914,-222.805
-144.99,-222.819
-145.098,-223.089
-145.253,-222.9
-145.679,-223.176
-145.441,-223.434
-145.502,-223.71
-145.92,-223.735
-145.789,-223.758
-145.697,-223.707
-145.716,-223.894
-145.859,-223.936
-145.678,-224.182
-145.803,-224.025
-145.825,-224.073
-145.75,-224.109
-145.864,-223.901
-146.055,-224.003
-146.079,-224.112
-146.338,-224.262
-146.699,-224.382
-146.787,-224.283
-146.718,-224.223
-146.851,-224.441
-146.763,-224.332
-146.5,-224.602
-146.631,-224.564
-146.723,-224.85
-147.076,-224.883
-147.068,-224.759
-147.09,-224.516
-147.139,-224.328
-147.139,-224.328
-147.059,-224.751
-146.856,-224.885
-146.856,-224.885
-147.07,-224.907
-147.711,-224.93
-147.834,-224.805
-147.575,-224.896
-147.707,-225.016
-147.824,-225.094
-147.824,-225.094
-147.836,-225.163
-147.78,-225.363
-147.739,-225.324
-147.697,-225.247
-148.065,-225.486
-148.118,-225.416
-148.114,-225.593
-148.241,-225.68
-148.495,-225.871
-148.593,-225.876
-148.392,-225.836
-148.327,-226.068
-148.565,-225.92
-148.362,-226.125
-147.949,-225.997
-147.834,-226.125
-147.604,-226.285
-147.685,-226.236
-148.034,-226.308
-148.425,-226.321
-148.356,-226.463
-148.356,-226.463
-148.284,-226.6
-148.131,-226.465
-148.385,-226.707
-148.706,-226.634
-148.807,-226.884
-149.029,-227.061
-149.159,-227.118
-148.944,-227.186
-149.006,-227.144
-149.337,-227.245
-149.974,-227.491
-149.974,-227.491
-150.018,-227.362
-150.054,-227.36
-150.092,-227.502
-150.123,-227.572
-150.233,-227.686
-150.58,-227.888
-150.701,-228.015
-150.757,-228.199
-150.691,-228.727
-150.946,-228.927
-151.146,-229.16
-151.151,-229.19
-150.949,-229.461
-151.065,-229.419
-150.763,-229.78
-150.78,-229.848
-150.894,-229.731
-151.13,-229.983
-151.187,-230.054
-151.187,-230.054
-151.222,-230.189
-151.343,-230.17
-151.643,-230.243
-151.536,-230.237
-151.626,-230.199
-151.72,-230.268
-151.412,-230.184
-151.364,-230.363
-151.819,-230.548
-151.819,-230.548
-151.819,-230.548
-151.821,-230.699
-152.019,-230.784
-152.037,-230.822
-152.091,-230.817
-152.277,-230.714
-152.264,-230.906
-152.132,-231.196
-152.407,-231.282
-152.49,-231.367
-152.219,-231.472
-152.295,-231.644
-152.472,-232
-152.554,-231.98
-152.554,-231.98
-152.761,-232.047
-152.766,-232.039
-152.671,-232.156
-152.591,-232.083
-152.547,-232.074
-152.589,-232.448
-152.531,-232.567
-152.65,-232.526
-152.499,-232.596
-152.614,-232.732
-152.641,-232.727
-152.26,-232.669
-152.519,-232.686
-152.722,-232.614
-152.813,-233.031
-153.065,-233.403
-153.15,-233.41
-153.196,-233.523
-153.287,-233.527
-153.25,-233.703
-153.352,-234.012
-153.42,-234.441
-153.708,-234.655
-153.526,-234.576
-153.489,-234.619
-153.31,-234.698
-153.613,-234.825
-153.541,-234.871
-153.913,-234.54
-153.913,-234.54
-153.969,-234.583
-154.234,-234.486
-154.201,-234.476
-154.433,-234.461
-154.404,-234.393
-154.538,-234.243
-154.433,-234.446
-154.302,-234.32
-154.345,-234.739
-154.52,-234.904
-154.434,-235.06
-154.551,-234.971
-154.818,-234.776
-154.942,-235.081
-154.931,-234.964
-155.518,-234.986
-155.536,-235.092
-155.798,-235.095
-155.843,-235.759
-156.135,-235.889
-156.139,-236.082
-155.965,-235.949
-155.961,-235.971
-155.83,-236.023
-156.051,-236.174
-156.094,-236.257
-156.212,-236.299
-156.471,-236.434
-156.627,-236.525
-156.736,-236.788
-156.806,-236.682
-156.988,-236.909
-157.17,-237.058
-157.269,-237.424
-157.269,-237.424
-157.498,-237.595
-157.28,-237.583
-157.215,-237.802
-157.292,-237.775
-157.595,-237.82
-157.879,-237.69
-157.887,-237.751
-157.771,-237.986
-157.585,-238.045
-157.613,-238.289
-157.648,-238.277
-157.749,-238.079
-157.542,-238.031
-157.733,-238.344
-157.76,-238.121
-157.653,-238.307
-157.653,-238.307
-157.645,-238.66
-157.59,-238.934
-157.586,-239.026
-157.856,-238.874
-157.663,-238.944
-157.835,-239.158
-157.898,-239.247
-158.152,-239.266
-158.131,-239.308
-158.541,-239.259
-158.597,-239.206
-158.711,-239.43
-158.757,-239.578
-158.848,-239.723
-158.744,-239.837
-158.758,-240.06
-158.77,-240.242
-158.751,-240.259
-158.668,-240.087
-158.898,-240.405
-158.763,-240.439
-158.669,-240.43
-158.995,-240.504
-159.025,-240.498
-159.057,-240.604
-159.043,-240.547
-158.961,-240.699
-159.067,-240.751
-159.007,-240.669
-159.132,-240.737
-159.225,-240.697
-159.457,-241.139
-159.607,-241.078
-159.807,-241.295
-159.807,-241.295
-159.505,-241.178
-159.564,-241.36
-159.556,-241.601
-159.416,-241.735
-159.579,-242.003
-159.525,-242.121
-159.525,-242.121
-159.569,-242.103
-159.575,-241.862
-159.71,-241.877
-159.971,-241.955
-160.12,-242.046
-160.267,-242.322
-160.366,-242.421
-160.429,-242.149
-160.336,-242.405
-160.48,-242.233
-160.48,-242.233
-160.607,-242.232
-160.667,-242.341
-160.588,-242.278
-160.567,-242.34
-160.637,-242.363
-160.741,-242.675
-160.896,-242.641
-160.712,-242.76
-160.426,-242.822
-160.358,-243.013
-160.382,-243.185
-160.222,-243.291
-160.24,-243.438
-160.235,-243.444
-160.389,-243.658
-160.389,-243.658
-160.576,-243.636
-160.518,-243.868
-160.61,-243.823
-160.758,-243.651
-160.725,-243.567
-160.587,-243.821
-160.638,-243.905
-160.682,-243.995
-160.807,-244.056
-160.85,-243.94
-160.929,-243.902
-160.824,-244.073
-160.677,-244.248
-160.497,-244.436
-160.486,-244.44
-160.551,-244.283
-160.803,-244.471
-160.871,-244.659
-160.778,-244.727
-160.949,-244.74
-160.84,-244.666
-160.812,-244.494
-160.879,-244.457
-161.132,-244.664
-161.212,-244.805
-161.18,-244.893
-161.192,-244.87
-161.343,-245.047
-161.467,-245.001
-161.229,-245.263
-161.219,-245.471
-161.872,-245.426
-161.872,-245.343
-161.885,-245.177
-162.076,-245.415
-161.958,-245.622
-161.852,-245.797
-161.938,-245.875
-161.96,-246.018
-162.028,-246.23
-162.277,-246.482
-162.245,-246.294
-162.295,-246.241
-162.45,-246.481
-162.37,-246.365
-162.316,-246.278
-162.276,-246.615
-162.344,-246.597
-162.435,-246.726
-162.742,-246.81
-163.131,-247.066
-163.109,-247.31
-163.121,-247.422
-163.053,-247.397
-162.987,-247.553
-162.818,-247.389
-162.726,-247.438
-162.785,-247.662
-163.437,-247.528
-163.418,-247.492
-163.547,-247.554
-163.461,-247.797
-163.519,-247.786
-163.706,-247.974
-163.526,-247.839
-163.578,-247.769
-163.567,-247.798
-163.49,-247.766
-163.448,-248.119
-163.399,-248.076
-163.58,-248.297
-163.481,-248.209
-163.603,-248.313
-163.787,-248.518
-163.858,-248.734
-164.028,-248.9
-164.07,-248.989
-164.336,-248.776
-164.532,-248.692
-164.454,-248.553
-164.113,-248.482
-163.854,-248.597
-163.897,-248.724
-163.858,-249.021
-164.047,-249.277
-163.727,-249.526
-163.727,-249.526
-163.734,-249.634
-164.115,-249.869
-164.411,-250.063
-164.475,-250.091
-164.435,-250.103
-164.314,-250.369
-164.413,-250.201
-164.504,-250.401
-164.768,-250.243
-165.047,-250.519
-164.964,-251.062
-165.064,-251.065
-164.844,-250.975
-164.895,-250.781
-164.929,-250.84
-164.915,-251.15
-165.074,-251.041
-165.143,-251.257
-165.16,-251.348
-165.397,-251.371
-165.402,-251.709
-165.742,-252.043
-165.847,-252.078
-165.746,-252.422
-165.9,-252.137
-165.827,-252.24
-166.049,-252.344
-166.11,-252.462
-166.043,-252.661
-165.952,-252.938
-165.91,-253.109
-165.941,-253.193
-166.004,-253.502
-165.991,-253.598
-165.895,-253.59
-166.35,-253.511
-166.139,-253.422
-166.295,-253.714
-166.176,-253.709
-166.131,-253.623
-166.293,-253.388
-166.814,-253.912
-166.491,-253.99
-166.463,-253.982
-166.617,-254.036
-166.612,-254.044
-166.417,-254.073
-166.406,-254.114
-166.425,-254.201
-166.667,-254.284
-166.613,-254.365
-166.69,-254.612
-167.03,-254.949
-167.399,-255.285
-167.447,-255.296
-167.494,-255.651
-167.426,-255.851
-167.311,-255.931
-167.268,-255.992
-167.302,-256.007
-167.289,-256.068
-167.268,-256.009
-167.25,-255.959
-167.463,-255.951
-167.583,-256.209
-167.638,-256.359
-167.829,-256.344
-168.043,-256.537
-167.917,-256.591
-167.974,-256.927
-168.083,-257.425
-167.953,-257.483
-168.139,-257.555
-168.258,-257.729
-168.302,-257.87
-168.368,-257.855
-168.232,-257.965
-168.183,-258.242
-168.278,-258.572
-168.344,-258.85
-168.351,-259.018
-168.304,-259.22
-168.365,-259.368
-168.458,-259.306
-168.684,-259.426
-168.802,-259.361
-169.048,-259.392
-168.895,-259.28
-168.999,-259.201
-169.123,-258.838
-169.223,-258.789
-169.357,-258.915
-169.35,-259.047
-169.275,-258.996
-169.285,-259.352
-169.522,-259.538
-169.372,-259.455
-169.216,-259.521
-169.248,-259.612
-169.248,-259.612
-169.395,-259.842
-169.622,-259.819
-169.761,-259.83
-169.668,-259.969
-169.693,-260.01
-169.644,-260.107
-169.519,-259.988
-169.371,-259.987
-169.524,-259.747
-169.304,-259.685
-169.344,-259.821
-169.64,-259.735
-169.564,-260.019
-169.502,-260.147
-169.573,-260.142
-169.913,-260.336
-169.86,-260.368
-169.762,-260.236
-169.692,-260.43
-169.901,-260.494
-169.787,-260.484
-169.749,-260.404
-169.843,-260.919
-169.781,-260.868
-169.821,-260.807
-169.812,-260.887
-169.91,-261.239
-169.98,-261.351
-170.02,-261.546
-170.142,-261.647
-170.166,-261.652
-170.329,-261.571
-170.274,-261.702
-170.512,-261.893
-170.575,-262.082
-170.458,-262.482
-170.497,-262.555
-170.61,-262.554
-170.58,-262.714
-170.984,-263.197
-171.026,-263.479
-170.873,-263.603
-170.678,-263.75
-170.905,-263.778
-170.904,-263.855
-170.894,-263.972
-170.972,-264.201
-170.973,-264.596
-170.831,-264.951
-170.799,-264.903
-170.887,-265.204
-171.179,-265.302
-171.117,-265.433
-171.082,-265.397
-171.063,-265.36
-171.063,-265.36
-171.2,-265.513
-171.417,-265.632
-171.351,-265.877
-171.747,-266.187
-171.751,-266.198
-171.922,-266.181
-171.922,-266.181
-172.097,-266.251
-171.883,-266.352
-171.802,-266.544
-171.932,-266.449
-171.874,-266.383
-172.019,-266.452
-172.103,-266.808
-172,-266.837
-171.683,-266.678
-171.604,-266.51
-172.026,-266.693
-172.491,-266.52
-172.466,-266.728
-172.569,-266.669
-172.588,-266.628
-172.735,-266.73
-172.936,-266.654
-172.779,-266.916
-172.842,-266.846
-172.83,-266.916
-173.117,-266.795
-172.993,-266.907
-172.927,-266.978
-173.066,-267.14
-173.487,-267.497
-173.83,-267.616
-173.885,-267.812
-173.745,-268.011
-173.865,-268.151
-173.951,-268.304
-174.242,-268.516
-173.97,-268.706
-173.984,-268.924
-173.829,-269.254
-173.958,-269.215
-173.969,-269.567
-174.003,-269.581
-174.014,-269.52
-174.032,-269.705
-174.349,-269.647
-174.825,-269.868
-174.801,-269.816
-174.851,-269.949
-174.765,-269.865
-174.792,-269.972
-175.112,-270.187
-175.044,-270.098
-175.065,-270.135
-175.07,-270.201
-175.028,-270.318
-175.33,-270.445
-175.38,-270.57
-175.148,-270.861
-174.989,-270.808
-175.211,-271.009
-175.257,-271.128
-175.298,-271.21
-175.239,-271.492
-175.332,-271.44
-175.31,-271.723
-175.283,-271.984
-175.588,-271.944
-175.83,-272.016
-175.787,-272.113
-175.791,-271.998
-175.721,-272.143
-176.038,-271.961
-176.108,-271.944
-176.149,-271.97
-176.361,-272.094
-176.243,-272.172
-176.401,-272.34
-176.437,-272.621
-176.442,-272.688
-176.585,-272.857
-176.533,-272.845
-176.436,-272.825
-176.553,-272.873
-176.751,-272.885
-176.81,-272.957
-176.785,-272.999
-176.685,-272.865
-176.536,-273.04
-177.14,-272.997
-177.292,-272.97
-177.392,-273.186
-177.16,-273.361
-177.143,-273.607
-177.196,-273.611
-177.434,-273.615
-177.925,-273.769
-177.97,-273.825
-178.075,-273.743
-178.122,-273.746
-178.027,-274.161
-178.158,-274.273
-178.146,-274.578
-178.577,-274.859
-178.832,-274.862
-178.98,-275.202
-179.3,-275.415
-179.162,-275.443
-179.241,-275.447
-179.128,-275.556
-179.178,-275.66
-179.366,-275.723
-179.468,-275.803
-179.465,-275.854
-179.604,-275.988
-179.558,-275.932
-179.464,-276.236
-179.506,-276.349
-179.473,-276.628
-179.54,-276.596
-179.585,-276.765
-179.727,-276.851
-179.704,-277.036
-179.891,-276.897
-179.891,-277.018
-180.122,-277.309
-180.205,-277.534
-179.899,-277.595
-179.643,-277.802
-179.868,-278.15
-180.079,-278.207
-180.278,-278.267
-180.229,-278.507
-180.179,-278.324
-180.28,-278.14
-180.234,-278.116
-180.248,-278.391
-180.337,-278.491
-180.204,-278.561
-180.244,-278.674
-180.01,-278.524
-180.06,-278.55
-179.851,-278.374
-180.028,-278.488
-180.176,-278.571
-180.256,-278.745
-180.18,-278.822
-180.164,-278.78
-180.158,-278.557
-179.818,-278.774
-179.863,-278.855
-179.877,-278.982
-179.753,-279.261
-180.017,-279.67
-180.054,-279.568
-180.073,-279.552
-180.366,-279.618
-180.488,-279.95
-180.643,-279.881
-180.637,-280.124
-180.945,-280.275
-181.074,-280.322
-181.142,-280.374
-181.187,-280.481
-181.08,-280.363
-180.95,-280.278
-181.002,-280.501
-181.139,-280.501
-181.373,-280.539
-181.481,-280.537
-181.363,-280.487
-181.549,-280.536
-181.541,-280.892
-181.546,-281.007
-181.723,-281.078
-181.88,-280.977
-182.122,-281.063
-182.231,-281.045
-182.356,-281.333
-182.469,-281.357
-182.872,-281.031
-182.922,-281.182
-182.809,-281.133
-183.221,-280.908
-183.451,-281.071
-183.543,-281.167
-183.64,-281.221
-183.662,-281.35
-183.739,-281.768
-183.808,-282.211
-183.912,-282.339
-184.06,-282.272
-184.133,-282.269
-184.278,-282.215
-184.588,-282.304
-184.547,-282.181
-184.414,-282.185
-184.426,-282.294
-184.16,-282.595
-184.205,-282.992
-184.216,-283.038
-184.391,-283.268
-184.437,-283.376
-184.406,-283.342
-184.421,-283.568
-184.551,-284.019
-184.444,-284.033
-184.549,-284.141
-184.471,-284.261
-184.463,-284.141
-185.208,-284.06
-185.423,-284.127
-185.683,-284.412
-185.771,-284.625
-185.771,-284.625
-186.042,-284.82
-186.007,-284.825
-185.962,-285.158
-186.138,-285.193
-186.099,-285.177
-186.237,-285.361
-186.395,-285.408
-186.221,-285.488
-186.377,-285.475
-186.347,-285.404
-186.604,-285.256
-186.736,-285.039
-187.273,-285.23
-187.199,-285.287
-187.259,-285.185
-187.335,-285.599
-187.247,-285.624
-187.297,-285.715
-187.248,-285.751
-187.163,-285.611
-187.409,-285.526
-187.594,-285.818
-187.687,-285.865
-187.788,-285.762
-187.715,-285.786
-187.876,-285.856
-187.575,-286.139
-187.575,-286.529
-187.566,-286.495
-187.609,-286.454
-187.492,-286.867
-187.643,-286.943
-187.999,-287.136
-188.003,-287.091
-188.213,-287.204
-188.075,-287.049
-187.903,-287.001
-187.837,-287.073
-187.724,-287.035
-187.796,-287.033
-187.808,-286.787
-188.083,-286.704
-188.133,-287.13
-187.882,-287.284
-187.772,-287.361
-187.75,-287.299
-187.863,-287.377
-187.908,-287.58
-188.037,-287.688
-187.982,-287.82
-188.255,-288.008
-188.361,-287.896
-188.506,-287.963
-188.502,-288.043
-188.687,-288.002
-188.975,-288.198
-188.947,-288.211
-188.873,-288.182
-188.837,-288.248
-188.481,-288.478
-188.531,-288.297
-188.571,-288.34
-189.045,-288.634
-189.199,-288.582
-189.349,-288.65
-189.424,-288.625
-189.491,-288.654
-189.565,-288.704
-189.794,-288.88
-189.865,-289.061
-190.023,-289.066
-190.189,-289.047
-190.101,-289.073
-189.934,-289.396
-190.276,-289.308
-190.034,-289.325
-189.982,-289.595
-189.998,-289.74
-190.06,-289.793
-190.102,-290.167
-190.063,-289.877
-190.07,-289.747
-190.066,-289.274
-190.072,-289.363
-190.154,-289.618
-190.262,-289.521
-190.524,-289.852
-190.45,-289.73
-190.729,-289.856
-190.786,-289.905
-190.517,-290.175
-190.567,-290.445
-190.564,-290.272
-190.564,-290.272
-190.843,-290.222
-190.653,-290.356
-190.741,-290.476
-190.804,-290.59
-190.832,-290.862
-190.919,-290.854
-191.079,-291.005
-191.133,-290.802
-191.168,-290.844
-191.119,-291.14
-191.108,-291.244
-191.194,-291.737
-191.065,-291.582
-191.115,-291.739
-191.113,-291.876
-191.076,-292.032
-191.112,-292.212
-191.053,-292.576
-191.034,-292.56
-190.82,-292.756
-190.822,-292.889
-191.087,-293.154
-190.733,-293.851
-190.579,-293.882
-190.626,-293.799
-190.436,-294.004
-190.433,-294.107
-190.541,-294.462
-190.665,-294.776
-190.784,-294.865
-190.953,-294.818
-191.124,-294.679
-191.066,-294.864
-191.201,-294.872
-191.277,-294.981
-191.243,-294.971
-191.381,-295.239
-191.467,-295.178
-191.62,-295.264
-191.78,-295.15
-191.828,-295.46
-191.772,-295.465
-191.859,-295.576
-191.764,-295.653
-191.828,-295.985
-191.743,-296.186
-191.833,-296.138
-191.57,-296.361
-191.638,-296.448
-191.457,-296.67
-191.353,-296.691
-191.368,-296.965
-191.452,-297.095
-191.366,-297.079
-191.031,-297.095
-191.031,-297.095
-190.834,-296.945
-191.116,-297.064
-191.201,-297.318
-191.314,-297.619
-191.376,-297.73
-191.418,-298.003
-191.287,-298.065
-191.305,-298.204
-191.278,-298.367
-191.094,-298.494
-191.091,-298.648
-190.992,-298.866
-191.206,-299.099
-191.358,-299.221
-191.468,-299.293
-191.546,-299.512
-191.54,-299.475
-191.463,-299.554
-191.611,-299.774
-191.355,-299.884
-191.152,-300.084
-191.102,-300.134
-191.102,-300.134
-191.121,-300.143
-191.118,-299.855
-190.963,-300.152
-190.978,-300.371
-190.806,-300.47
-190.786,-300.575
-190.853,-300.666
-190.643,-300.632
-190.551,-300.864
-190.348,-301.067
-190.729,-301.113
-190.976,-301.311
-191.051,-301.335
-191.103,-301.246
-191.123,-301.219
-190.809,-301.37
-190.966,-301.307
-191.342,-301.444
-191.366,-301.587
-191.402,-301.518
-191.09,-301.726
-191.137,-301.896
-191.196,-301.88
-191.234,-301.911
-191.085,-302.029
-191.171,-302.105
-190.944,-302.095
-191.007,-302.353
-191.034,-302.33
-191.129,-302.476
-191.532,-302.553
-191.712,-302.701
-191.943,-302.959
-191.689,-303.267
-191.493,-303.411
-191.566,-303.286
-191.751,-303.352
-191.768,-303.524
-192.042,-303.448
-191.889,-303.421
-191.816,-303.669
-191.644,-303.825
-191.675,-304.156
-191.733,-304.197
-191.672,-304.264
-191.966,-304.324
-192.01,-304.29
-191.959,-304.514
-192.13,-304.525
-192.294,-304.677
-192.294,-304.677
-192.41,-304.76
-192.718,-304.786
-192.617,-304.907
-192.575,-304.9
-192.604,-304.918
-192.737,-305.117
-192.689,-305.125
-192.66,-305.476
-192.771,-305.516
-193.015,-305.412
-192.889,-305.703
-192.685,-305.763
-192.864,-306.093
-192.749,-306.197
-192.639,-306.318
-192.736,-306.494
-192.931,-306.698
-193.109,-306.7
-193.336,-306.86
-193.477,-306.968
-193.606,-306.988
-193.352,-307.381
-193.3,-307.575
-192.957,-307.995
-192.99,-308.346
-193.009,-308.478
-192.956,-308.611
-193.025,-308.811
-193.094,-309.154
-193.384,-309.351
-193.533,-309.983
-193.814,-310.116
-193.975,-310.176
-194.019,-310.191
-194.018,-310.376
-194.162,-310.491
-194.442,-310.909
-194.773,-311.009
-194.798,-311.134
-194.842,-311.452
-195.135,-311.613
-195.253,-311.843
-195.379,-311.918
-195.286,-312.069
-195.31,-312.234
-195.459,-312.189
-195.707,-312.359
-195.462,-312.46
-195.439,-312.922
-195.486,-313.39
-195.591,-313.417
-195.679,-313.347
-195.918,-313.23
-196.022,-313.159
-196.184,-313.361
-196.184,-313.361
-196.517,-313.611
-196.667,-313.779
-197.079,-313.674
-197.455,-313.682
-197.439,-313.841
-197.462,-313.851
-197.417,-314.042
-197.408,-314.354
-197.529,-314.341
-197.682,-314.093
-197.593,-314.154
-197.586,-314.072
-197.527,-314.191
-197.575,-314.167
-197.665,-314.518
-197.646,-314.546
-197.761,-314.408
-197.737,-314.718
-197.703,-315.161
-197.928,-315.117
-198.138,-315.108
-198.231,-315.09
-198.478,-315.236
-198.421,-315.136
-198.046,-315.6
-198.106,-315.611
-198.008,-316.176
-197.726,-316.387
-197.914,-316.541
-198.048,-316.556
-197.986,-316.623
-198.406,-316.687
-198.659,-316.821
-198.645,-316.84
-198.821,-316.939
-198.851,-317.048
-198.957,-316.916
-198.944,-316.905
-198.944,-316.905
-198.956,-317.004
-199.042,-317.061
-199.122,-317.049
-199.04,-316.925
-199.068,-316.953
-199.27,-317.004
-199.484,-317.042
-199.696,-317.214
-199.696,-317.214
-199.915,-317.266
-200.089,-317.378
-200.031,-317.516
-199.887,-317.599
-199.586,-317.909
-199.516,-317.687
-199.868,-317.471
-200.115,-317.446
-200.014,-317.393
-200.017,-317.332
-199.908,-317.413
-199.718,-317.601
-199.685,-317.623
-199.697,-318.109
-199.318,-318.321
-199.666,-318.528
-199.825,-318.652
-199.9,-318.881
-200.077,-318.946
-200.162,-318.958
-200.153,-318.865
-200.24,-318.977
-200.201,-319.23
-200.321,-319.282
-200.343,-319.317
-200.644,-319.575
-200.727,-319.869
-200.8,-319.947
-200.924,-320.01
-200.728,-320.092
-200.987,-320.01
-201.054,-320.341
-200.945,-320.43
-201.094,-320.585
-201.123,-320.613
-201.03,-320.796
-201.084,-320.728
-201.293,-321.075
-201.269,-321.264
-201.217,-321.341
-201.35,-321.161
-201.446,-321.137
-201.176,-321.06
-201.293,-320.995
-201.221,-320.851
-201.485,-320.935
-201.297,-321.043
-201.343,-321.234
-201.368,-321.071
-201.509,-321.253
-201.779,-321.187
-201.855,-321.164
-201.764,-321.289
-201.855,-321.318
-201.937,-321.571
-201.833,-321.627
-202.118,-321.779
-202.181,-321.94
-202.237,-322.095
-202.214,-322.207
-202.087,-321.958
-202.275,-322.07
-202.447,-322.014
-202.326,-322.139
-202.798,-322.471
-202.973,-322.417
-202.865,-322.617
-202.759,-322.776
-202.724,-323.149
-202.724,-323.149
-202.956,-323.288
-202.952,-323.398
-203.306,-323.331
-202.981,-323.616
-202.663,-323.575
-202.588,-323.527
-202.605,-323.509
-202.756,-323.858
-202.64,-323.979
-202.661,-324.048
-202.914,-324.234
-202.914,-324.482
-202.877,-324.463
-202.858,-324.419
-202.847,-324.472
-202.938,-324.424
-202.877,-324.849
-202.765,-324.726
-202.883,-324.835
-202.731,-324.785
-203.019,-324.69
-202.975,-324.786
-203.046,-324.766
-203.144,-324.847
-203.071,-324.847
-203.163,-324.914
-203.069,-325.081
-203.304,-325.139
-203.344,-325.279
-203.254,-325.474
-203.254,-325.474
-203.745,-325.488
-204,-325.897
-204.04,-325.88
-204.108,-325.865
-204.05,-325.868
-204.244,-326.017
-204.04,-326.061
-204.13,-325.987
-203.934,-326.128
-203.976,-326.262
-204.292,-326.45
-204.351,-326.459
-204.405,-326.427
-204.532,-326.376
-204.797,-326.433
-204.656,-326.73
-204.495,-326.673
-204.38,-327.027
-204.331,-327.053
-204.497,-327.107
-204.259,-327.464
-204.363,-327.607
-204.536,-327.592
-204.539,-327.63
-204.61,-328.018
-204.692,-328.093
-204.722,-328.351
-204.7,-328.412
-204.682,-328.531
-204.682,-328.531
-204.647,-328.674
-204.894,-328.826
-205.127,-328.703
-205.395,-328.887
-205.569,-329.05
-205.716,-329.153
-205.847,-329.002
-205.94,-329.049
-206.593,-329.45
-206.889,-329.562
-207.023,-329.438
-206.927,-329.432
-206.908,-329.769
-206.943,-329.688
-206.851,-329.755
-207.079,-329.791
-207.046,-329.803
-206.98,-329.969
-206.889,-329.97
-206.859,-329.981
-206.852,-330.079
-206.901,-329.952
-206.981,-330.034
-207.13,-329.811
-207.035,-329.932
-207.098,-329.854
-206.847,-330.228
-206.949,-330.397
-206.647,-330.557
-207.134,-330.493
-207.273,-330.661
-207.225,-330.593
-207.145,-330.758
-207.5,-330.731
-207.485,-330.872
-207.648,-331.077
-207.847,-331.242
-208.107,-331.098
-207.95,-331.278
-207.979,-331.507
-207.836,-331.4
-208.041,-331.287
-208.276,-331.381
-208.239,-331.394
-208.165,-331.617
-208.246,-331.642
-208.624,-331.851
-208.632,-331.917
-208.446,-331.788
-208.584,-331.956
-209.017,-331.942
-208.901,-331.782
-208.798,-331.884
-208.798,-331.884
-208.789,-331.819
-209.047,-331.886
-209.149,-332.009
-209.091,-332.141
-209.04,-332.101
-209.24,-332.29
-209.26,-332.589
-208.983,-332.898
-208.878,-332.698
-209.139,-332.521
-209.316,-332.274
-209.547,-332.296
-209.551,-332.461
-209.625,-332.428
-209.865,-332.456
-209.943,-332.564
-210.045,-332.463
-210.14,-332.33
-210.137,-332.647
-210.025,-332.851
-209.979,-332.656
-210.02,-332.797
-210.02,-332.747
-210.347,-332.714
-210.385,-333.122
-210.476,-333.206
-210.568,-333.345
-210.914,-333.256
-211.137,-333.425
-211.369,-333.263
-211.405,-333.274
-211.469,-333.537
-211.386,-333.542
-211.661,-333.51
-211.662,-333.556
-211.531,-333.644
-211.675,-333.744
-211.773,-333.875
-211.681,-333.566
-211.433,-333.735
-211.382,-334.142
-211.177,-334.497
-211.365,-334.305
-211.533,-334.307
-211.532,-334.675
-211.565,-334.952
-211.518,-335.119
-211.506,-335.376
-211.425,-335.229
-211.464,-335.316
-211.315,-335.444
-211.484,-335.595
-211.627,-335.688
-211.646,-335.806
-211.562,-335.796
-211.472,-336.076
-211.748,-336.14
-211.942,-336.247
-212.129,-336.314
-212.106,-336.281
-211.92,-335.98
-211.876,-336.332
-211.727,-336.573
-211.778,-336.796
-211.778,-336.796
-212.141,-336.918
-212.469,-337.031
-212.554,-337.216
-212.545,-337.278
-212.462,-337.262
-212.619,-337.26
-212.656,-337.22
-212.883,-337.309
-212.883,-337.309
-212.933,-337.302
-212.739,-337.405
-212.854,-337.398
-212.649,-337.53
-212.867,-337.484
-212.913,-337.487
-212.897,-337.545
-213.043,-337.759
-213.131,-337.774
-213.24,-337.656
-213.489,-337.742
-213.797,-338.07
-213.617,-338.146
-213.503,-338.172
-213.511,-338.176
-213.608,-338.478
-213.498,-338.688
-213.455,-338.793
-213.455,-338.793
-213.379,-338.867
-213.39,-338.728
-213.292,-338.865
-213.372,-338.859
-213.322,-338.978
-213.387,-338.948
-213.685,-339.087
-213.723,-339.022
-213.962,-338.968
-213.73,-339.068
-213.954,-338.993
-214.134,-339.183
-213.994,-339.275
-214.108,-339.349
-214.107,-339.534
-214.445,-339.515
-214.619,-339.597
-214.686,-339.612
-214.655,-339.917
-214.548,-339.968
-214.622,-340.109
-214.917,-340.046
-214.793,-340.218
-214.786,-340.553
-214.619,-340.713
-214.912,-340.896
-215.426,-341.126
-215.341,-341.276
-215.536,-341.469
-215.452,-341.694
-215.361,-341.798
-215.528,-342.017
-215.869,-342.167
-216.178,-342.249
-216.383,-342.399
-216.377,-342.415
-216.544,-342.46
-216.677,-342.274
-216.753,-342.359
-216.753,-342.359
-216.662,-342.434
-216.853,-342.431
-216.686,-342.594
-216.821,-342.664
-217.005,-342.679
-217.027,-342.918
-217.12,-343.162
-217.442,-343.481
-217.256,-343.462
-217.258,-343.204
-217.395,-343.252
-217.554,-343.424
-217.613,-343.671
-217.531,-343.706
-217.601,-344.016
-217.63,-344.104
-217.76,-344.045
-217.76,-344.045
-217.761,-343.895
-217.724,-343.955
-217.738,-344.044
-217.713,-344.216
-217.837,-344.165
-217.851,-344.148
-218.253,-344.049
-218.441,-344.312
-218.303,-344.474
-218.115,-344.783
-217.814,-344.805
-218.125,-344.689
-218.371,-344.471
-218.243,-344.606
-218.592,-344.878
-218.839,-344.871
-218.828,-345.131
-219.173,-345.186
-219.193,-345.219
-219.26,-345.254
-219.061,-345.244
-219.123,-345.49
-219.109,-345.806
-219.059,-345.881
-219.198,-345.63
-219.066,-345.614
-219.188,-345.803
-219.609,-345.662
-219.609,-345.662
-219.745,-345.675
-219.913,-345.865
-219.864,-345.848
-220.098,-345.829
-220.2,-346.041
-220.328,-346.14
-220.67,-346.388
-220.696,-346.509
-220.603,-346.649
-220.666,-346.71
-221.049,-346.555
-221.089,-346.672
-221.121,-346.816
-221.656,-346.749
-221.721,-346.68
-221.656,-346.583
-221.771,-346.623
-221.537,-347.066
-221.422,-347.126
-221.963,-347.233
-221.896,-347.591
-222.044,-347.513
-222.097,-347.559
-222.485,-347.813
-222.562,-348.246
-222.776,-348.507
-222.964,-348.508
-222.899,-348.526
-222.899,-348.526
-222.842,-348.509
-222.777,-348.503
-222.988,-348.742
-222.862,-348.764
-223.171,-348.964
-223.428,-348.913
-223.368,-348.91
-223.423,-348.843
-223.817,-348.952
-223.805,-348.964
-223.756,-348.878
-223.649,-348.933
-224.252,-348.666
-224.335,-349.023
-224.257,-349.189
-223.958,-349.425
-223.86,-349.771
-224.006,-349.918
-224.231,-349.898
-224.069,-350.129
-224.341,-350.185
-225.048,-350.358
-224.933,-350.358
-225.19,-350.308
-225.072,-350.388
-225.444,-350.403
-225.505,-350.598
-225.51,-350.789
-225.489,-350.742
-225.59,-350.86
-225.796,-350.749
-226.134,-350.711
-226.228,-350.845
-226.291,-350.861
-226.234,-350.863
-226.269,-351.039
-226.062,-351.152
-226.221,-351.36
-226.471,-351.616
-226.499,-351.707
-226.666,-351.714
-226.913,-351.662
-227.035,-351.829
-227.111,-351.848
-227.151,-351.659
-227.055,-351.537
-226.853,-351.916
-226.957,-351.789
-226.894,-351.872
-226.772,-352.149
-226.904,-352.123
-227.054,-351.973
-227.16,-351.841
-227.285,-351.962
-227.024,-352.023
-227.134,-352.34
-227.281,-352.736
-227.216,-352.9
-227.196,-353.289
-227.589,-353.581
-227.683,-353.554
-227.769,-353.557
-227.696,-353.752
-227.74,-354.152
-227.772,-354.273
-227.723,-354.102
-227.841,-354.205
-227.876,-354.32
-227.842,-354.342
-227.853,-354.472
-228.009,-354.595
-228.242,-354.947
-228.081,-355.162
-228.342,-355.445
-228.411,-355.484
-228.495,-355.725
-228.656,-355.946
-228.654,-356.147
-228.488,-356.239
-228.785,-356.166
-228.78,-356.465
-228.703,-356.421
-228.643,-356.573
-228.505,-356.427
-228.505,-356.523
-228.549,-356.322
-228.475,-356.696
-228.581,-356.779
-228.669,-356.911
-228.686,-357.123
-228.78,-357.538
-228.69,-357.425
-228.905,-357.624
-228.905,-357.624
-229.078,-357.694
-229.05,-357.782
-229.106,-358.241
-229.185,-358.111
-229.142,-358.277
-229.198,-358.195
-229.34,-358.181
-229.34,-358.181
-229.518,-358.205
-229.487,-358.344
-229.687,-358.485
-229.679,-358.454
-229.519,-358.727
-229.634,-358.797
-230.006,-358.866
-229.976,-359.047
-229.976,-359.047
-229.815,-358.995
-229.779,-359.161
-229.73,-359.561
-229.859,-359.521
-229.8,-359.674
-229.872,-359.798
-229.709,-359.694
-229.628,-359.503
-229.552,-359.439
-229.808,-359.43
-229.807,-359.428
-229.895,-359.53
-229.924,-359.612
-229.92,-359.799
-230.026,-359.826
-230.19,-360.185
-230.105,-360.442
-230.092,-360.451
-230.264,-360.713
-230.331,-360.741
-230.438,-361.04
-230.699,-361.233
-230.687,-361.378
-230.925,-361.751
-230.811,-361.899
-230.616,-361.918
-230.443,-361.913
-230.517,-361.914
-230.421,-361.922
-230.517,-362.068
-230.569,-362.291
-230.629,-362.403
-230.629,-362.403
-230.482,-362.54
-230.749,-362.816
-230.855,-362.842
-230.729,-362.92
-230.887,-363.055
-231.117,-363.045
-231.112,-363.284
-231.097,-363.558
-231.184,-363.475
-231.167,-363.402
-230.931,-363.436
-230.761,-363.48
-230.781,-363.432
-230.781,-363.432
-230.98,-363.449
-231.032,-363.473
-231.24,-363.346
-231.24,-363.346
-231.302,-363.692
-231.448,-363.987
-231.678,-363.77
-231.608,-363.9
-231.598,-363.982
-231.547,-364.005
-231.479,-364.011
-231.527,-364.072
-231.705,-363.986
-231.765,-364.022
-231.644,-363.982
-231.581,-363.994
-231.595,-363.97
-231.502,-363.916
-231.704,-364.084
-231.62,-364.248
-231.755,-364.463
-231.913,-364.472
-231.847,-364.679
-232.286,-364.365
-232.278,-364.503
-232.451,-364.415
-232.664,-364.308
-232.791,-364.237
-232.903,-364.361
-232.972,-364.465
-232.791,-364.406
-232.619,-364.599
-232.618,-364.989
-232.657,-365.098
-232.657,-365.098
-232.974,-365.189
-233.091,-365.146
-233.199,-365.356
-233.182,-365.488
-233.115,-365.575
-233.178,-365.617
-233.546,-365.574
-233.399,-365.815
-233.432,-366.137
-233.565,-365.883
-233.59,-366.171
-233.716,-366.198
-233.332,-366.623
-233.421,-366.759
-233.423,-366.978
-233.547,-367.208
-233.809,-367.433
-233.927,-367.481
-234.044,-367.886
-234.105,-368.134
-234.188,-368.345
-234.085,-368.654
-234.025,-368.641
-234.208,-368.624
-234.175,-368.512
-234.296,-368.24
-234.422,-368.236
-234.431,-368.302
-234.677,-368.481
-234.686,-368.513
-234.608,-368.747
-234.581,-368.771
-234.64,-368.891
-234.759,-369.001
-234.832,-368.928
-234.947,-369.223
-235.2,-369.425
-235.115,-369.533
-235.07,-369.581
-235.005,-369.676
-235.014,-369.824
-235.014,-369.824
-235.402,-369.995
-235.417,-370.152
-235.182,-370.669
-235.211,-370.629
-235.356,-370.885
-235.703,-371.02
-235.737,-370.808
-235.892,-370.825
-235.959,-370.934
-235.786,-371.035
-235.663,-371.045
-235.727,-371.39
-235.68,-371.559
-235.726,-371.303
-235.631,-371.371
-235.64,-371.406
-235.551,-371.363
-235.684,-371.319
-235.93,-371.177
-235.805,-371.186
-235.716,-371.303
-235.796,-371.762
-235.488,-371.729
-235.554,-371.74
-235.68,-371.812
-235.765,-371.757
-235.808,-371.784
-235.851,-371.777
-235.854,-371.737
-235.953,-371.688
-236.199,-371.907
-236.153,-371.927
-236.358,-372.244
-236.475,-372.417
-236.529,-372.649
-236.566,-372.934
-236.831,-372.879
-236.828,-372.8
-237.056,-373.178
-237.15,-373.422
-237.036,-373.593
-236.882,-373.709
-236.992,-373.799
-236.973,-373.994
-237.072,-374.281
-236.942,-374.378
-236.766,-374.317
-236.766,-374.317
-236.763,-374.406
-236.687,-374.389
-236.838,-374.287
-237.009,-374.407
-237.105,-374.457
-237.031,-374.648
-236.974,-374.68
-237.226,-374.633
-237.568,-374.672
-237.836,-374.573
-238.115,-374.631
-238.232,-374.628
-238.146,-374.78
-238.333,-374.85
-238.403,-375.028
-238.47,-375.314
-238.589,-375.521
-238.37,-375.652
-238.189,-375.665
-238.454,-375.648
-238.328,-375.977
-238.286,-375.958
-238.567,-376.209
-238.682,-376.207
-238.621,-376.415
-238.788,-376.667
-238.832,-376.841
-238.823,-376.893
-238.866,-376.918
-239.042,-376.897
-239.135,-376.783
-239.341,-376.759
-239.179,-376.886
-239.137,-377.122
-239.002,-377.404
-239.212,-377.192
-239.642,-376.93
-239.773,-377.015
-239.801,-377.043
-239.852,-377.224
-239.813,-377.031
-239.734,-376.919
-239.622,-376.94
-239.622,-376.94
-239.82,-376.926
-239.778,-376.799
-239.62,-376.859
-239.469,-376.748
-239.449,-376.642
-239.407,-376.905
-239.553,-376.895
-239.571,-377.045
-239.421,-376.962
-239.473,-377.339
-239.742,-377.574
-239.928,-377.601
-239.777,-377.628
-239.751,-377.44
-239.749,-377.59
-240.211,-377.448
-240.366,-377.426
-240.686,-377.547
-240.844,-377.629
-240.773,-377.67
-240.815,-377.938
-240.749,-377.869
-240.973,-378.029
-241.143,-378.105
-241.238,-378.366
-241.432,-378.413
-241.608,-378.398
-241.857,-378.421
-241.843,-378.589
-241.777,-378.54
-241.884,-378.636
-242.109,-378.858
-242.233,-378.903
-242.506,-379.09
-242.509,-379.153
-242.309,-379.001
-242.481,-379.259
-242.595,-379.441
-242.685,-379.502
-242.726,-379.525
-242.763,-379.343
-242.639,-379.486
-242.748,-379.5
-242.695,-379.506
-242.576,-379.495
-242.687,-379.744
-242.813,-379.889
-243.057,-380.172
-243.096,-380.071
-243.087,-380.008
-243.257,-380.054
-243.42,-380.263
-243.408,-380.431
-243.577,-380.306
-243.911,-380.313
-244.05,-380.346
-244.247,-380.455
-244.352,-380.595
-244.774,-380.638
-244.842,-380.676
-244.942,-380.833
-244.968,-380.776
-244.562,-380.915
-244.702,-381.214
-244.781,-381.321
-244.871,-381.47
-244.888,-381.617
-244.888,-381.617
-244.758,-381.949
-245.057,-382.013
-245.512,-382.165
-245.757,-382.238
-245.767,-382.361
-245.863,-382.314
-245.904,-382.064
-245.977,-382.168
-246.17,-382.098
-246.469,-382.165
-246.515,-382.456
-246.668,-382.493
-246.762,-382.578
-246.762,-382.578
-246.762,-382.639
-246.497,-383.016
-246.577,-383.152
-246.866,-383.136
-246.868,-383.188
-246.872,-383.144
-246.773,-383.273
-246.712,-383.122
-246.652,-383.054
-246.652,-383.054
-247.008,-382.89
-247.171,-382.875
-247.079,-383.013
-247.079,-383.013
-247.054,-383.06
-246.933,-383.046
-246.949,-383.063
-247.092,-382.894
-247.029,-383.1
-247.021,-382.987
-246.802,-383.126
-246.719,-382.992
-246.99,-383.093
-247.303,-382.991
-247.123,-383.057
-247.441,-383.064
-247.777,-383.422
-247.814,-383.59
-248.261,-383.741
-248.239,-383.867
-248.631,-383.841
-248.517,-383.827
-248.631,-384.073
-248.803,-384.048
-249.151,-384.023
-249.103,-384.204
-248.961,-384.194
-248.961,-384.194
-248.939,-384.406
-249.124,-384.528
-248.946,-384.895
-248.896,-384.977
-249.022,-385.169
-248.949,-385.143
-248.768,-385.335
-249.154,-385.459
-248.994,-385.517
-249.129,-385.509
-249.281,-385.711
-249.541,-385.747
-249.873,-385.879
-250.034,-385.924
-250.251,-386.05
-250.496,-386.367
-250.296,-386.502
-250.286,-386.48
-250.215,-386.457
-250.268,-386.607
-250.494,-386.511
-250.556,-386.783
-250.826,-386.829
-251.012,-387.141
-250.96,-387.119
-250.979,-387.624
-251.131,-387.754
-251.169,-388.019
-251.118,-388.411
-251.102,-388.423
-251.102,-388.423
-251.219,-388.312
-251.421,-388.308
-251.52,-388.302
-251.546,-388.477
-251.62,-388.483
-251.673,-388.616
-252.062,-388.877
-252.142,-388.764
-252.504,-388.605
-252.504,-388.613
-252.716,-388.707
-252.608,-388.687
-252.631,-388.719
-252.727,-388.53
-252.941,-388.563
-252.865,-388.444
-252.704,-388.594
-252.489,-388.59
-252.688,-388.676
-252.51,-388.524
-252.376,-388.539
-252.352,-388.701
-252.164,-388.761
-252.441,-388.922
-252.41,-388.96
-252.554,-389.117
-252.643,-389.136
-252.817,-388.901
-252.767,-389.069
-252.819,-389.184
-252.9,-389.201
-252.724,-389.48
-252.935,-390.001
-252.935,-390.001
-252.954,-390.164
-252.672,-390.459
-252.985,-390.375
-252.991,-390.417
-252.954,-390.493
-253.041,-390.534
-253.242,-390.673
-253.141,-390.511
-253.098,-390.505
-253.19,-390.545
-253.113,-390.538
-253.16,-390.642
-253.207,-390.779
-253.155,-390.787
-253.188,-390.779
-253.416,-390.734
-253.397,-390.682
-253.207,-390.733
-253.184,-390.649
-253.469,-390.768
-253.551,-390.951
-253.609,-390.988
-253.932,-391.114
-253.992,-391.15
-253.89,-391.328
-254.102,-391.625
-254.053,-391.714
-253.777,-391.825
-254.043,-391.765
-254.157,-391.901
-254.523,-391.932
-254.509,-391.85
-254.64,-391.827
-254.791,-391.694
-254.838,-391.826
-254.8,-391.775
-255.021,-391.76
-254.897,-392.041
-255.055,-392.037
-254.757,-392.028
-254.704,-392.339
-254.957,-392.342
-254.955,-392.412
-254.947,-392.324
-254.635,-392.043
-254.777,-391.997
-254.643,-392.183
-254.691,-392.259
-254.531,-392.408
-254.185,-392.417
-254.358,-392.723
-254.375,-392.908
-254.574,-393.136
-254.574,-393.136
-254.487,-393.216
-254.787,-393.272
-254.49,-393.315
-254.505,-393.236
-254.616,-393.373
-254.696,-393.213
-254.696,-393.213
-254.491,-393.399
-254.601,-393.314
-254.702,-393.484
-254.971,-393.576
-255.077,-393.194
-255.399,-393.283
-255.309,-393.421
-255.297,-393.7
-255.404,-393.758
-255.512,-393.803
-255.677,-393.61
-255.688,-393.781
-255.733,-393.919
-255.797,-393.904
-255.852,-394.085
-256.003,-394.073
-256.117,-394.378
-256.1,-394.692
-256.24,-394.689
-256.137,-394.99
-256.204,-395.024
-256.397,-395.165
-256.3,-395.285
-256.201,-395.22
-256.493,-395.295
-256.575,-395.411
-256.672,-395.402
-256.851,-395.341
-257.02,-395.193
-257.157,-395.159
-257.31,-395.288
-257.363,-395.462
-257.343,-395.486
-257.29,-395.421
-257.41,-395.599
-257.196,-395.646
-257.25,-395.61
-257.221,-395.712
-257.336,-395.709
-257.298,-395.779
-257.549,-395.77
-257.626,-395.891
-257.609,-396.086
-257.931,-396.098
-257.837,-395.858
-258.101,-395.868
-258.079,-395.959
-257.867,-396.007
-257.828,-396.023
-257.843,-395.792
-258.117,-395.852
-258.118,-395.878
-258.192,-396.276
-258.275,-396.48
-258.632,-396.901
-259.132,-397.13
-259.089,-397.092
-259.293,-397.122
-259.123,-397.386
-259.088,-397.223
-259.229,-397.148
-259.063,-397.31
-258.875,-397.432
-258.931,-397.494
-258.931,-397.494
-258.836,-397.526
-258.873,-397.568
-258.892,-397.982
-259.069,-398.236
-258.966,-398.246
-259.004,-398.323
-259.2,-398.446
-259.581,-398.617
-259.435,-398.603
-259.596,-398.832
-259.751,-398.79
-259.69,-399.025
-259.877,-399.178
-259.773,-399.209
-259.497,-399.316
-259.8,-399.847
-259.537,-400.095
-259.796,-400.129
-259.916,-400.324
-260.052,-400.6
-260.04,-400.807
-260.153,-400.842
-260.201,-400.921
-260.158,-401.22
-260.508,-401.473
-260.834,-401.527
-261.048,-401.756
-261.044,-401.985
-260.983,-402.272
-261.034,-402.421
-261.13,-402.289
-260.91,-402.651
-261.095,-402.95
-261.095,-402.95
-260.897,-403.161
-260.851,-403.144
-261.135,-403.091
-261.25,-403.34
-261.057,-403.439
-261.015,-403.592
-261.015,-403.592
-261.049,-403.714
-261.161,-403.771
-261.249,-404.081
-261.326,-404.086
-261.326,-404.086
-261.629,-403.831
-261.634,-403.977
-261.764,-404.073
-261.749,-404.329
-261.656,-404.29
-261.677,-404.12
-261.856,-404.158
-261.778,-404.353
-261.974,-404.575
-262.172,-404.114
-262.247,-404.353
-262.565,-404.626
-262.753,-404.623
-262.898,-404.699
-263.019,-404.928
-262.955,-404.995
-262.992,-405.333
-263.129,-405.377
-263.298,-405.642
-263.215,-405.854
-263.291,-405.835
-263.263,-405.84
-263.41,-405.852
-263.64,-406.344
-263.764,-406.274
-263.764,-406.274
-263.834,-406.047
-263.687,-406.164
-263.79,-406.195
-263.72,-406.52
-264.039,-406.484
-264.312,-406.546
-264.569,-406.44
-264.575,-406.579
-264.575,-406.579
-264.717,-406.728
-265.017,-406.625
-264.956,-406.739
-265.017,-406.924
-265.074,-407.071
-265.238,-407.263
-265.558,-407.452
-265.707,-407.446
-265.41,-407.624
-265.421,-407.871
-265.788,-407.916
-265.789,-408.04
-265.578,-408.358
-265.692,-408.21
-265.583,-408.351
-265.495,-408.36
-265.495,-408.36
-265.377,-408.316
-265.36,-408.377
-265.563,-408.699
-265.518,-408.736
-265.518,-408.736
-265.656,-408.747
-265.643,-408.69
-265.954,-408.856
-265.86,-409.214
-266.037,-409.424
-266.037,-409.424
-265.985,-409.627
-265.962,-409.571
-265.83,-409.762
-265.8,-409.834
-265.629,-409.875
-265.44,-410.033
-265.299,-410.459
-265.26,-410.794
-265.459,-410.836
-265.605,-410.831
-265.709,-410.722
-265.841,-410.724
-265.96,-410.646
-266.067,-410.536
-265.887,-410.79
-265.808,-410.986
-266.276,-411.074
-266.32,-411.129
-266.33,-411.001
-266.569,-411.099
-266.305,-411.315
-266.398,-411.103
-266.619,-411.01
-266.518,-411.371
-266.488,-411.509
-266.555,-411.612
-266.51,-411.429
-266.433,-411.477
-266.291,-411.445
-266.287,-411.319
-266.086,-411.546
-265.883,-411.8
-265.907,-411.74
-265.96,-411.621
-266.014,-411.559
-266.095,-411.535
-266.116,-411.915
-266.417,-412.045
-266.228,-412.152
-266.169,-412.182
-265.985,-412.558
-266.382,-412.585
-266.731,-412.341
-266.694,-412.347
-266.852,-412.304
-266.84,-412.339
-266.824,-412.209
-266.756,-412.521
-266.782,-412.415
-266.856,-412.623
-266.914,-412.735
-266.73,-412.881
-266.648,-412.885
-266.658,-413.017
-266.843,-413.115
-267.094,-413.148
-267.339,-413.477
-267.309,-413.402
-267.35,-413.4
-267.275,-413.642
-267.276,-413.786
-267.3,-413.764
-267.3,-413.764
-267.169,-413.831
-267.204,-413.833
-267.165,-413.954
-266.9,-413.866
-267.207,-414.126
-267.236,-414.15
-267.43,-414.216
-267.583,-414.469
-267.673,-414.51
-267.829,-414.638
-267.795,-414.849
-267.678,-415.046
-267.79,-415.158
-267.811,-415.126
-267.863,-415.103
-267.738,-415.436
-267.828,-415.327
-267.86,-415.533
-268.021,-415.76
-268.457,-415.973
-268.358,-415.966
-268.234,-416.262
-268.207,-416.185
-268.37,-416.076
-268.37,-416.076
-268.12,-416.374
-268.005,-416.487
-268.42,-416.557
-268.213,-416.413
-268.179,-416.101
-267.843,-416.26
-267.772,-416.447
-267.93,-416.309
-267.824,-416.365
-267.787,-416.539
-267.709,-416.89
-267.949,-417.002
-267.88,-417.13
-267.871,-417.128
-267.871,-417.128
-267.926,-417.501
-267.679,-417.301
-267.679,-417.301
-267.839,-417.403
-267.919,-417.446
-267.924,-417.346
-267.931,-417.473
-267.816,-417.486
-267.916,-417.514
-268.018,-417.845
-267.917,-418.078
-267.74,-418.141
-267.975,-418.153
-268.327,-418.24
-268.502,-418.094
-268.751,-418
-268.825,-418.047
-268.993,-418.152
-268.991,-418.242
-269.399,-418.413
-269.399,-418.413
-269.374,-418.56
-270.027,-418.471
-270.044,-418.71
-270.138,-418.991
-270.168,-418.824
-270.397,-418.985
-270.242,-419.09
-270.155,-419.449
-269.92,-419.238
-270.158,-419.185
-270.092,-419.451
-269.694,-419.285
-269.781,-419.507
-269.934,-419.875
-269.996,-419.774
-270.352,-419.783
-270.476,-419.968
-270.511,-419.85
-270.282,-420.056
-270.328,-420.283
-270.294,-420.313
-270.464,-420.444
-270.318,-420.686
-270.54,-420.646
-270.686,-420.821
-270.98,-420.91
-271.18,-420.947
-271.36,-421.044
-271.52,-421.389
-271.692,-421.349
-271.689,-421.403
-271.949,-421.606
-271.837,-421.632
-271.735,-421.812
-271.813,-421.876
-271.892,-421.937
-271.864,-422.097
-272.005,-422.086
-272.079,-422.201
-271.975,-422.328
-272.029,-422.216
-272.259,-422.363
-272.909,-422.4
-273.122,-422.436
-273.258,-422.261
-273.566,-422.178
-273.425,-422.318
-273.505,-422.601
-273.567,-422.837
-273.664,-423.055
-273.656,-423.067
-273.987,-423.444
-274.204,-423.444
-274.028,-423.418
-274.028,-423.418
-274.168,-423.398
-274.293,-423.336
-274.33,-423.288
-274.561,-423.53
-274.621,-423.637
-274.72,-423.524
-274.725,-423.646
-274.858,-423.572
-274.871,-423.522
-274.818,-423.753
-275.152,-424.217
-275.124,-424.42
-275.31,-424.539
-275.276,-424.904
-275.17,-424.902
-275.095,-424.803
-275.199,-424.734
-275.261,-424.642
-274.975,-424.517
-274.999,-424.513
-275.039,-424.503
-275.348,-424.65
-275.336,-424.643
-275.362,-424.756
-275.454,-424.877
-275.626,-425.198
-275.825,-425.373
-276.218,-425.354
-276.369,-425.319
-276.418,-425.231
-276.549,-425.11
-276.683,-424.928
-276.804,-424.948
-276.801,-424.98
-276.719,-424.963
-276.676,-425.146
-276.871,-425.233
-277.142,-425.394
-277.112,-425.513
-277.252,-425.394
-277.323,-425.486
-277.289,-425.65
-277.281,-425.688
-277.297,-426.186
-277.294,-426.614
-277.143,-426.502
-277.227,-426.528
-277.34,-426.607
-277.4,-426.642
-277.311,-426.456
-277.398,-426.642
-277.486,-426.523
-277.798,-426.585
-277.926,-426.785
-278.095,-426.862
-278.293,-426.924
-278.117,-426.912
-278.078,-426.954
-278.114,-427.329
-278.215,-427.206
-278.544,-427.027
-278.663,-427.395
-278.666,-427.491
-278.853,-427.61
-278.853,-427.61
-278.886,-427.709
-278.985,-427.94
-279.125,-427.832
-279.35,-427.673
-279.61,-427.692
-279.617,-427.572
-279.421,-427.615
-279.509,-427.802
-279.669,-427.627
-279.742,-427.631
-279.827,-427.677
-280.014,-427.737
-280.272,-428.082
-280.44,-428.023
-280.833,-428.048
-281.189,-428.281
-281.173,-428.234
-281.124,-428.26
-281.203,-428.38
-281.221,-428.515
-281.442,-428.614
-281.701,-428.572
-281.897,-428.546
-282.054,-428.728
-282.192,-428.655
-282.266,-428.894
-282.234,-428.779
-282.375,-428.853
-282.147,-428.944
-282.116,-429.102
-282.029,-429.482
-282.232,-429.564
-282.189,-429.646
-282.239,-429.904
-282.34,-429.818
-282.369,-430.148
-282.429,-430.445
-282.79,-430.552
-282.703,-430.605
-282.753,-430.687
-282.886,-430.696
-282.835,-430.791
-282.911,-431.14
-283.084,-431.607
-283.389,-431.466
-283.485,-431.548
-283.457,-431.76
-283.316,-431.821
-283.204,-432.293
-282.955,-432.367
-282.644,-432.401
-282.718,-432.491
-282.905,-432.36
-283.166,-432.472
-283.203,-432.217
-283.089,-432.635
-283.44,-432.608
-283.353,-432.839
-283.484,-432.874
-283.516,-433.131
-283.66,-433.013
-284.092,-433.217
-284.046,-433.435
-283.889,-433.427
-283.981,-433.667
-284.162,-433.888
-283.977,-433.611
-283.962,-433.721
-283.904,-433.76
-283.908,-433.633
-283.695,-433.266
-283.881,-433.205
-283.953,-432.981
-283.889,-433.037
-284.062,-433.192
-283.973,-433.185
-284.272,-433.398
-284.067,-433.953
-284.092,-433.933
-284.296,-433.924
-284.505,-434.168
-284.588,-434.177
-284.558,-434.112
-284.784,-434.15
-284.652,-434.119
-284.71,-434.31
-284.757,-434.483
-284.735,-434.471
-284.688,-434.578
-284.637,-434.761
-284.796,-435.035
-284.84,-435.005
-285.216,-434.912
-285.05,-434.913
-285.117,-435.007
-285.024,-435.22
-285.029,-435.827
-285.204,-436.104
-285.217,-435.983
-285.217,-435.983
-285.331,-436.742
-285.508,-436.799
-285.618,-436.867
-285.425,-436.926
-285.37,-437.094
-285.341,-436.99
-285.196,-437.136
-285.369,-437.384
-285.291,-437.613
-285.196,-437.889
-285.457,-438.303
-285.421,-438.364
-285.478,-438.196
-285.717,-438.372
-285.906,-438.582
-286.002,-438.885
-286.066,-438.817
-286.295,-439.029
-286.262,-439.09
-286.224,-439.053
-286.179,-439.358
-286.044,-439.586
-286.236,-439.815
-286.25,-440.405
-286.395,-440.86
-286.161,-440.971
-286.079,-440.835
-285.968,-440.844
-285.893,-440.91
-285.826,-440.972
-285.715,-441.185
-285.739,-441.185
-285.726,-441.295
-285.683,-441.76
-285.928,-441.873
-285.98,-441.759
-285.989,-441.765
-286.194,-442.011
-286.367,-442.36
-286.145,-442.746
-286.205,-442.734
-286.111,-442.968
-286.164,-442.842
-286.115,-442.943
-286.672,-442.949
-286.912,-442.803
-287.174,-442.794
-287.115,-443.307
-287.198,-443.269
-287.214,-443.387
-287.511,-443.393
-287.292,-443.633
-286.887,-443.668
-286.991,-443.618
-286.991,-443.618
-287.491,-443.723
-287.74,-443.813
-287.755,-443.798
-287.747,-443.82
-287.783,-443.897
-287.916,-444.004
-287.925,-444.205
-288.021,-444.408
-287.984,-444.98
-287.867,-445.238
-288.039,-445.129
-288.271,-444.927
-288.361,-444.948
-288.644,-444.763
-288.685,-445.053
-288.645,-445.031
-288.919,-445.195
-289.188,-445.489
-289.087,-445.651
-289.1,-445.725
-289.103,-445.72
-289.103,-445.72
-289.164,-445.854
-289.095,-445.735
-289.166,-445.92
-289.548,-445.808
-289.807,-445.727
-289.758,-445.621
-289.711,-445.751
-289.689,-445.796
-289.668,-446.042
-289.977,-446.108
-290.014,-446.175
-290.122,-446.176
-290.169,-446.323
-290.301,-446.332
-290.252,-446.619
-290.54,-446.636
-290.693,-446.752
-290.797,-447.12
-290.849,-447.164
-290.786,-447.065
-290.945,-447.152
-291.3,-447.152
-291.3,-447.236
-291.312,-447.311
-291.567,-447.497
-291.923,-447.657
-292.119,-447.733
-292.063,-447.81
-291.821,-447.765
-291.858,-447.804
-292.074,-447.641
-292.073,-447.768
-292.408,-447.844
-292.277,-447.782
-292.532,-447.87
-292.951,-448.063
-292.938,-448.155
-292.917,-448.249
-293.005,-448.259
-293.006,-448.403
-293.027,-448.27
-293.052,-448.267
-293.125,-448.34
-293.145,-448.335
-293.161,-448.541
-293.258,-448.827
-293.439,-448.99
-293.685,-448.99
-293.662,-449.126
-293.575,-449.256
-293.524,-449.472
-293.488,-449.455
-293.591,-449.556
-293.834,-449.521
-294.116,-449.513
-293.95,-449.523
-293.968,-449.471
-294.071,-449.524
-294.071,-449.524
-294.213,-449.253
-294.039,-449.006
-294.05,-449.088
-293.988,-449.161
-294.474,-449.378
-294.391,-449.446
-294.459,-449.189
-294.65,-449.133
-294.72,-449.096
-294.948,-449.135
-294.983,-449.326
-295.051,-449.24
-295.015,-449.726
-295.066,-449.89
-295.221,-449.701
-295.13,-449.929
-295.21,-450.072
-295.477,-450.024
-295.598,-450.205
-295.631,-450.314
-295.413,-450.619
-295.218,-450.845
-295.309,-450.656
-295.346,-450.709
-295.543,-450.851
-295.478,-450.944
-295.394,-451.026
-295.291,-451.077
-295.503,-451.417
-295.392,-451.811
-295.486,-451.831
-295.534,-451.628
-295.579,-451.648
-295.668,-451.777
-295.652,-451.643
-295.822,-451.848
-295.36,-451.883
-295.295,-451.894
-295.163,-451.896
-295.118,-451.877
-295.181,-451.912
-295.269,-451.765
-295.168,-451.818
-295.371,-452.094
-295.645,-452.235
-295.75,-452.291
-295.707,-452.516
-295.656,-452.507
-295.656,-452.507
-295.713,-452.514
-295.71,-452.731
-295.603,-452.907
-295.89,-453.271
-295.971,-453.438
-296.062,-453.442
-296.013,-453.514
-295.763,-453.61
-295.763,-453.61
-295.777,-453.612
-295.761,-453.733
-296.028,-454.029
-296.176,-453.938
-296.623,-453.652
-296.781,-453.884
-296.755,-453.8
-296.745,-453.947
-296.692,-454.113
-296.851,-454.351
-296.851,-454.351
-296.891,-454.581
-297.173,-454.552
-297.3,-454.708
-297.171,-454.677
-297.136,-454.761
-297.049,-454.761
-297.456,-454.917
-297.344,-454.984
-297.314,-455.047
-297.217,-455.16
-297.189,-455.337
-297.241,-455.788
-297.268,-455.894
-297.257,-456.061
-297.286,-456.297
-297.429,-456.159
-297.361,-456.222
-297.466,-456.315
-297.498,-456.459
-297.498,-456.459
-297.392,-456.736
-297.543,-456.638
-297.61,-457.187
-297.649,-457.654
-297.639,-457.696
-297.684,-457.888
-297.684,-457.888
-297.793,-458.097
-297.911,-458.315
-298.442,-458.336
-298.633,-458.462
-298.597,-458.451
-298.525,-458.462
-298.566,-458.941
-298.747,-459.186
-298.867,-459.521
-299.08,-459.721
-299.103,-459.62
-299.351,-459.754
-299.145,-459.694
-299.081,-460.271
-299.044,-460.637
-299.218,-460.833
-299.525,-461.085
-299.499,-461.506
-299.514,-461.492
-299.63,-461.503
-299.575,-461.669
-299.933,-461.958
-299.854,-461.873
-299.945,-461.668
-300.253,-461.675
-300.197,-461.962
-300.267,-462.203
-300.383,-462.064
-300.593,-462.245
-300.749,-462.254
-300.718,-462.325
-300.733,-462.476
-300.892,-462.462
-300.991,-462.616
-301.279,-462.974
-301.396,-462.873
-301.715,-462.653
-302.06,-462.751
-302.169,-462.904
-302.23,-463.106
-302.172,-463.241
-302.116,-463.211
-302.146,-463.264
-302.294,-463.097
-302.364,-463.324
-302.476,-463.387
-302.349,-463.469
-302.423,-463.378
-302.489,-463.356
-302.501,-463.482
-302.177,-463.647
-302.238,-463.514
-302.308,-463.756
-302.453,-464.026
-302.652,-464.191
-302.604,-464.314
-302.61,-464.536
-302.706,-464.669
-302.419,-464.879
-302.475,-464.957
-302.52,-465.009
-302.766,-465.13
-302.736,-465.421
-302.655,-465.591
-302.8,-465.488
-302.808,-465.579
-302.965,-465.878
-302.953,-465.945
-302.781,-465.996
-302.803,-465.971
-302.881,-466.054
-303.116,-466.196
-303.184,-466.21
-303.502,-466.218
-303.619,-466.082
-303.485,-466.488
-303.526,-466.538
-304.275,-466.606
-304.334,-467.367
-304.701,-467.329
-304.514,-467.504
-304.737,-467.632
-304.977,-468.021
-304.935,-468.113
-304.955,-468.041
-304.809,-468.282
-304.75,-468.304
-304.702,-468.545
-304.872,-468.789
-305.104,-469.015
-305.224,-469.155
-305.16,-469.048
-305.289,-469.266
-305.295,-469.146
-305.417,-469.189
-305.313,-469.067
-305.445,-468.893
-305.602,-469.016
-305.684,-469.02
-305.532,-469.061
-305.688,-468.98
-305.777,-469.279
-305.949,-469.208
-306.057,-469.444
-306.005,-469.419
-306.047,-469.394
-305.975,-469.747
-306.026,-469.854
-306.202,-469.898
-306.21,-469.542
-306.096,-469.683
-306.308,-469.699
-306.246,-469.866
-306.3,-469.964
-306.2,-470.133
-306.133,-470.116
-306.24,-469.989
-306.307,-469.958
-306.332,-469.986
-306.524,-470.347
-306.449,-470.529
-306.501,-470.692
-306.59,-470.695
-306.975,-470.723
-307.05,-470.868
-307.011,-470.866
-307.01,-471.062
-307.527,-471.266
-307.661,-471.203
-307.76,-471.11
-308.071,-470.99
-308.173,-471.261
-308.151,-471.302
-308.169,-471.378
-308.226,-471.466
-308.297,-471.362
-308.61,-471.656
-308.517,-471.678
-308.718,-471.681
-308.826,-471.582
-309.171,-471.265
-309.211,-471.327
-309.168,-471.45
-309.619,-471.318
-309.676,-471.465
-309.67,-471.596
-309.974,-471.834
-310.041,-471.988
-309.757,-472.222
-309.835,-472.198
-309.909,-471.979
-309.638,-471.922
-310.075,-472.138
-310.049,-472.185
-310.049,-472.185
-309.637,-472.305
-309.552,-472.336
-309.621,-472.544
-309.902,-472.502
-309.837,-472.782
-309.874,-472.671
-309.869,-472.739
-309.944,-473.069
-310.071,-472.953
-309.951,-473.077
-309.92,-473.121
-309.96,-473.498
-309.929,-473.682
-309.788,-473.779
-309.935,-473.643
-310.094,-473.723
-310.339,-473.89
-310.127,-473.724
-310.305,-473.899
-310.417,-473.955
-310.571,-474.312
-310.746,-474.452
-310.495,-474.509
-310.579,-474.653
-310.579,-474.653
-310.332,-474.745
-310.332,-474.745
-310.284,-474.714
-310.477,-474.883
-310.311,-475.146
-310.152,-475.096
-310.24,-475.261
-310.36,-475.333
-310.952,-475.556
-311.124,-475.544
-311.379,-475.779
-311.379,-475.779
-311.388,-475.865
-311.32,-475.805
-311.32,-475.805
-311.338,-475.774
-311.486,-475.84
-311.326,-475.854
-311.387,-476.181
-311.031,-476.243
-311.031,-476.243
-310.873,-476.324
-311.144,-476.247
-311.209,-476.423
-311.209,-476.423
-311.238,-476.55
-311.263,-476.399
-311.7,-476.54
-311.75,-476.774
-312.178,-476.727
-312.287,-476.951
-312.366,-477.139
-312.378,-477.182
-312.428,-477.62
-312.277,-477.704
-312.126,-477.518
-312.188,-477.891
-312.554,-477.976
-312.369,-478.009
-312.506,-478.244
-312.447,-478.643
-312.547,-478.913
-312.513,-479.292
-312.518,-479.383
-312.538,-479.289
-312.225,-479.33
-312.087,-479.101
-312.066,-479.057
-312.015,-479.216
-312.212,-479.362
-312.144,-479.53
-311.887,-479.618
-311.806,-479.905
-311.736,-480.049
-311.81,-479.914
-311.924,-479.953
-311.775,-479.784
-311.673,-479.808
-311.781,-479.915
-311.835,-480.041
-312.107,-480.423
-312.037,-480.538
-312.538,-480.667
-312.65,-481.035
-312.862,-480.952
-313.053,-481.173
-313.097,-481.245
-313.035,-481.311
-313.436,-481.256
-313.51,-481.27
-313.52,-481.35
-313.653,-481.577
-313.957,-481.545
-314.318,-481.962
-314.444,-481.832
-314.528,-481.864
-314.445,-482.006
-314.519,-481.981
-314.641,-481.963
-314.728,-482.219
-314.674,-482.163
-314.69,-482.198
-314.829,-482.057
-314.747,-482.45
-314.763,-482.629
-314.669,-482.402
-314.756,-482.397
-314.72,-482.532
-314.928,-482.309
-315.093,-482.193
-315.201,-482.338
-315.127,-482.171
-315.219,-482.323
-315.247,-482.625
-315.389,-482.655
-315.14,-482.708
-315.122,-482.807
-315.387,-483.192
-315.361,-483.225
-315.439,-483.335
-315.38,-483.523
-315.468,-483.716
-315.582,-483.705
-315.767,-483.789
-315.69,-483.899
-315.69,-483.899
-315.564,-484.203
-315.702,-484.351
-315.754,-484.475
-315.77,-484.847
-315.586,-485.028
-315.736,-485.072
-315.866,-484.92
-316.26,-484.986
-316.328,-485.011
-316.297,-485.35
-316.217,-485.466
-316.266,-485.426
-315.948,-485.721
-316.231,-486.036
-316.61,-486.223
-316.66,-486.243
-316.697,-486.227
-316.978,-486.506
-317.27,-486.793
-317.115,-486.917
-317.094,-487.098
-317.173,-487.23
-317.084,-487.102
-317.214,-487.279
-317.214,-487.279
-317.346,-487.182
-317.172,-487.479
-317.104,-487.381
-317.004,-487.5
-317.004,-487.5
-317.005,-487.473
-317,-487.514
-317.071,-487.702
-317.015,-488.052
-317.127,-488.114
-317.593,-487.981
-317.543,-488.015
-317.405,-487.922
-317.614,-488.015
-317.72,-488.139
-317.517,-488.313
-317.422,-488.152
-317.277,-488.492
-317.568,-488.504
-317.635,-488.551
-317.326,-488.997
-317.411,-489.238
-317.389,-489.37
-317.756,-489.592
-317.994,-489.752
-317.86,-489.945
-317.998,-489.962
-317.803,-490.086
-317.878,-490.164
-318.101,-490.126
-317.809,-490.451
-317.597,-490.741
-317.751,-490.799
-317.609,-491.305
-317.392,-491.304
-317.321,-491.215
-317.185,-491.125
-317.185,-491.125
-317.334,-491.381
-317.277,-491.635
-317.253,-491.766
-317.13,-491.863
-317.53,-492.1
-317.707,-492.314
-317.962,-492.477
-317.922,-492.61
-318.023,-492.689
-318.105,-492.688
-318.129,-492.847
-318.228,-492.824
-318.37,-493.17
-318.344,-493.07
-318.379,-493.01
-318.605,-493.349
-318.432,-493.345
-318.288,-493.504
-318.538,-493.651
-318.715,-493.781
-318.583,-494.023
-318.691,-494.222
-319.023,-494.189
-319.049,-494.45
-319.168,-494.559
-319.413,-494.822
-319.615,-494.625
-319.633,-494.899
-319.676,-494.902
-319.657,-495.133
-319.864,-495.243
-319.805,-495.588
-319.734,-495.606
-319.615,-495.618
-319.663,-495.753
-319.548,-495.862
-319.878,-495.808
-319.841,-495.871
-319.753,-496.147
-320.014,-496.673
-320.121,-496.54
-320.273,-496.749
-320.193,-496.798
-320.683,-496.916
-320.73,-496.913
-320.81,-497.104
-321.004,-497.184
-321.127,-497.045
-320.982,-496.933
-321.092,-496.967
-321.14,-497.105
-321.237,-497.073
-321.348,-497.207
-321.319,-497.312
-321.368,-497.582
-321.009,-497.394
-321.131,-497.432
-321.069,-497.391
-321.106,-497.098
-321.168,-497.082
-321.357,-497.234
-321.316,-497.442
-321.568,-497.456
-321.359,-497.399
-321.629,-497.461
-321.6,-497.631
-321.918,-497.795
-321.837,-497.89
-321.976,-497.774
-322.196,-497.583
-322.259,-497.69
-322.34,-497.765
-322.355,-497.921
-322.479,-498.034
-322.556,-498.183
-322.529,-498.245
-322.49,-498.153
-322.733,-498.19
-322.737,-498.173
-322.766,-497.998
-322.785,-497.973
-322.764,-498.121
-322.539,-498.242
-322.452,-498.527
-322.623,-498.73
-322.489,-498.515
-322.636,-498.607
-322.399,-498.838
-322.255,-499.074
-322.573,-499.182
-322.805,-499.485
-322.897,-499.574
-323.039,-499.659
-323.137,-499.958
-323.208,-500.143
-323.282,-500.045
-323.178,-500.055
-323.178,-500.055
-323.141,-500.01
-323.361,-500.104
-323.412,-500.765
-323.373,-500.869
-323.51,-500.72
-323.663,-500.894
-323.625,-500.876
-323.267,-500.966
-323.507,-501.148
-323.546,-501.199
-323.65,-501.381
-323.799,-501.722
-323.863,-501.839
-323.924,-501.906
-323.881,-501.927
-323.852,-501.891
-324.009,-501.975
-323.971,-502.158
-324.004,-502.287
-324.125,-502.623
-324.414,-502.819
-324.377,-502.765
-324.379,-502.837
-324.247,-503.141
-324.512,-503.508
-324.398,-503.539
-324.46,-503.39
-324.817,-503.476
-324.788,-503.719
-324.951,-504.02
-325.188,-504.086
-325.236,-503.972
-325.576,-504.106
-325.77,-504.05
-325.668,-504.01
-326.14,-504.144
-326.132,-503.954
-326.132,-503.954
-325.95,-503.888
-326.115,-504.106
-326.05,-504.321
-326.05,-504.321
-326.162,-504.32
-326.235,-504.446
-326.221,-504.524
-326.122,-504.57
-326.2,-504.538
-326.392,-504.755
-326.213,-504.644
-326.078,-504.908
-325.842,-504.803
-325.824,-505.069
-326.014,-504.922
-325.958,-505.111
-326.115,-505.029
-326.277,-505.342
-326.386,-505.385
-326.582,-505.296
-326.471,-505.425
-326.48,-505.73
-326.469,-505.639
-326.286,-505.803
-326.43,-505.814
-326.574,-505.862
-326.497,-506.031
-326.581,-506.113
-326.701,-505.989
-327.008,-506.025
-326.96,-506.008
-327.216,-505.999
-327.515,-506.239
-327.515,-506.239
-327.515,-506.239
-327.494,-506.119
-327.245,-506.475
-327.002,-506.36
-326.961,-506.35
-326.97,-506.61
-327.049,-506.658
-326.875,-507.102
-326.913,-507.174
-326.922,-506.901
-326.846,-506.804
-326.831,-506.641
-326.876,-506.682
-326.714,-506.998
-326.643,-507.203
-326.838,-507.104
-326.924,-507.28
-326.797,-507.48
-326.82,-507.592
-326.693,-507.63
-326.74,-507.772
-326.732,-508.062
-326.814,-508.091
-326.749,-508.248
-326.579,-508.157
-326.529,-508.028
-326.433,-508.29
-326.731,-508.544
-326.852,-508.814
-327.155,-508.892
-327.401,-509.123
-327.31,-509.305
-327.335,-509.828
-327.319,-509.936
-327.237,-510.001
-327.229,-510.157
-327.13,-510.131
-327.113,-510.441
-327.19,-510.763
-327.36,-510.666
-327.534,-511.124
-327.548,-511.386
-327.552,-511.337
-327.642,-511.58
-327.778,-511.621
-328.076,-511.602
-328.021,-511.976
-328.168,-512.091
-328.169,-511.959
-328.225,-512.158
-328.78,-512.236
-328.831,-512.35
-328.828,-512.446
-328.69,-512.785
-328.809,-512.792
-328.883,-513.16
-329.144,-513.281
-329.091,-513.74
-329.093,-513.611
-329.044,-513.442
-328.95,-513.527
-328.966,-513.698
-329.261,-513.481
-329.399,-513.789
-329.276,-513.808
-329.302,-513.926
-329.475,-514.098
-329.538,-514.069
-329.8,-514.092
-329.737,-514.139
-329.574,-514.166
-329.637,-514.251
-329.589,-514.378
-329.735,-514.037
-329.778,-514.111
-329.559,-514.27
-329.629,-514.164
-329.933,-514.376
-330.064,-514.504
-330.312,-514.603
-330.435,-514.844
-330.46,-514.735
-330.274,-514.946
-330.479,-515.11
-330.637,-514.987
-330.612,-515.26
-330.685,-515.191
-330.974,-515.364
-331.089,-515.455
-331.175,-515.513
-331.298,-516.186
-331.012,-516.162
-331.023,-516.237
-330.987,-516.283
-331.066,-516.539
-331.156,-516.452
-331.156,-516.452
-331.454,-516.611
-331.629,-516.78
-331.539,-516.66
-331.501,-516.568
-331.499,-516.715
-331.532,-516.531
-331.598,-516.607
-331.676,-516.474
-331.901,-516.715
-332.101,-516.603
-332.253,-516.841
-332.367,-516.983
-332.253,-517.062
-332.331,-517.328
-332.224,-517.313
-332.44,-517.558
-332.238,-517.841
-332.279,-517.946
-332.431,-518.141
-332.562,-518.049
-332.538,-518.08
-332.487,-518.228
-332.597,-518.241
-332.78,-518.306
-332.804,-518.273
-332.909,-518.317
-333.237,-518.677
-333.555,-518.593
-333.772,-518.827
-333.771,-518.677
-333.751,-519
-333.781,-519.158
-334.265,-519.488
-334.382,-519.625
-334.259,-519.626
-334.023,-520.065
-334.025,-519.906
-333.973,-519.964
-334.186,-520.049
-334.266,-520.193
-334.511,-520.227
-334.545,-520.13
-334.597,-520.279
-334.597,-520.279
-334.785,-520.562
-334.803,-520.446
-334.694,-520.689
-334.648,-520.777
-334.646,-520.502
-334.741,-520.465
-334.791,-520.661
-334.766,-520.641
-334.868,-520.741
-334.892,-520.893
-334.953,-521.131
-334.823,-521.009
-334.675,-521.215
-334.781,-521.282
-334.781,-521.282
-334.939,-521.357
-335.119,-521.5
-334.994,-521.831
-334.837,-521.68
-334.881,-522.029
-334.925,-522.324
-335.035,-522.369
-335.035,-522.369
-335.102,-522.602
-335.189,-522.658
-334.937,-523.034
-334.945,-523.265
-335.101,-523.39
-335.101,-523.39
-335.204,-523.393
-335.442,-523.237
-335.643,-523.402
-335.753,-523.431
-335.85,-523.623
-335.938,-523.675
-335.921,-523.731
-335.943,-523.803
-336.106,-523.681
-336.106,-523.681
-336.066,-523.68
-336.143,-523.765
-336.442,-523.64
-336.597,-523.632
-336.664,-523.783
-336.813,-523.698
-336.85,-523.804
-336.926,-523.892
-336.942,-523.878
-337.267,-524.062
-337.191,-523.978
-337.64,-524.29
-337.536,-524.308
-337.525,-524.558
-337.492,-524.781
-337.812,-524.856
-337.71,-525.083
-337.546,-525.067
-337.786,-525.272
-337.973,-525.273
-338.122,-525.34
-338.519,-525.274
-338.526,-525.206
-338.692,-525.266
-338.656,-525.046
-338.773,-524.942
-338.848,-524.874
-339.173,-525.222
-338.858,-525.573
-338.937,-525.524
-339.123,-525.533
-339.047,-525.219
-339.07,-525.221
-339.064,-525.165
-339.106,-525.288
-339.15,-525.234
-339.444,-525.576
-339.563,-525.566
-339.446,-525.705
-339.583,-525.739
-339.588,-525.659
-339.765,-525.879
-339.698,-525.77
-339.856,-525.927
-339.85,-526.096
-340.163,-526.083
-340.427,-526.168
-340.491,-526.059
-340.677,-526.034
-340.762,-525.77
-341.155,-525.846
-341.347,-525.969
-341.499,-526.163
-341.173,-526.248
-341.319,-526.249
-341.386,-526.129
-341.543,-526.337
-341.7,-526.396
-341.705,-526.602
-341.605,-526.865
-341.471,-527.02
-341.525,-526.928
-341.637,-526.841
-341.72,-527.204
-341.873,-527.24
-341.908,-527.367
-342.048,-527.451
-342.055,-527.441
-341.98,-527.649
